filename,Type,Vowel,duration,F0,F1,F2,F3,F4
m01ae,m,ae,323,174,663,2012,2659,3691
m02ae,m,ae,250,102,628,1871,2477,3489
m03ae,m,ae,344,99,605,1812,2570,NA
m04ae,m,ae,312,124,627,1910,2488,3463
m06ae,m,ae,254,115,647,1864,2561,3506
m07ae,m,ae,254,96,582,1999,2567,3754
m08ae,m,ae,289,122,602,1880,2539,3584
m09ae,m,ae,339,120,545,1872,2630,NA
m10ae,m,ae,282,153,552,2027,2737,3588
m11ae,m,ae,319,136,629,1871,2574,3657
m13ae,m,ae,279,100,685,1807,2611,NA
m14ae,m,ae,272,106,559,1983,2560,3817
m16ae,m,ae,212,138,544,1819,2511,3266
m17ae,m,ae,257,135,685,1592,2308,NA
m18ae,m,ae,264,133,514,2031,2815,3618
m19ae,m,ae,244,149,612,1937,2605,3646
m20ae,m,ae,286,140,544,2114,2971,NA
m21ae,m,ae,252,108,556,1854,2679,3628
m22ae,m,ae,249,119,619,2023,2716,NA
m23ae,m,ae,274,112,601,1997,2499,4272
m24ae,m,ae,270,120,572,2072,2648,3949
m25ae,m,ae,301,115,546,1820,2548,3930
m26ae,m,ae,259,120,562,1895,2513,2937
m27ae,m,ae,257,105,594,2000,2550,3448
m28ae,m,ae,212,131,662,1934,2649,NA
m29ae,m,ae,241,114,566,2041,2500,3862
m30ae,m,ae,302,96,559,1873,2509,3673
m31ae,m,ae,208,143,579,1982,2639,NA
m32ae,m,ae,208,149,623,1937,2526,NA
m33ae,m,ae,328,136,555,1996,2609,3666
m34ae,m,ae,267,129,555,1849,2502,3511
m35ae,m,ae,326,110,634,1730,2456,3220
m36ae,m,ae,270,121,570,1856,2630,3473
m37ae,m,ae,207,130,614,1768,2393,3372
m38ae,m,ae,213,131,553,2140,2327,4278
m39ae,m,ae,311,153,605,2002,2666,3563
m40ae,m,ae,273,140,597,1989,2677,4252
m41ae,m,ae,230,139,561,1772,2597,3547
m42ae,m,ae,334,128,615,1885,2709,3581
m44ae,m,ae,276,98,577,1952,2588,NA
m45ae,m,ae,283,187,629,2436,3022,NA
m47ae,m,ae,292,129,511,1811,2529,3556
m48ae,m,ae,245,119,590,1830,2512,3997
m49ae,m,ae,266,123,622,1957,2841,NA
m50ae,m,ae,289,116,565,2055,2575,3380
w01ae,w,ae,305,225,678,2293,2861,4412
w02ae,w,ae,486,214,624,2442,3091,5306
w03ae,w,ae,293,192,666,2370,2814,3706
w04ae,w,ae,353,233,743,2230,3055,4476
w05ae,w,ae,338,223,677,2320,2987,5230
w06ae,w,ae,362,223,627,2266,2875,4085
w07ae,w,ae,313,176,690,2327,2771,4089
w08ae,w,ae,284,238,658,2650,3471,4199
w09ae,w,ae,253,251,685,2299,2930,4119
w10ae,w,ae,356,227,621,2249,2873,3978
w11ae,w,ae,385,188,868,2004,2797,NA
w12ae,w,ae,355,229,682,2486,3207,4450
w13ae,w,ae,315,237,668,2252,2790,4181
w14ae,w,ae,272,214,726,2350,2996,4523
w15ae,w,ae,400,226,620,2316,2849,4151
w16ae,w,ae,356,202,634,2596,3255,4605
w17ae,w,ae,323,212,672,2145,2764,4205
w19ae,w,ae,363,237,698,2339,3075,4353
w20ae,w,ae,307,187,586,2299,2748,NA
w21ae,w,ae,382,217,616,2156,2865,3896
w22ae,w,ae,338,186,576,2429,3101,4327
w23ae,w,ae,365,213,674,2256,2818,4355
w24ae,w,ae,331,248,738,2378,3305,4314
w25ae,w,ae,461,220,646,2406,3283,4709
w26ae,w,ae,346,168,746,1944,2927,4355
w27ae,w,ae,272,246,734,2518,3176,NA
w28ae,w,ae,260,225,662,2276,2955,4143
w29ae,w,ae,333,238,696,2447,3122,5024
w30ae,w,ae,310,238,687,2378,2913,3973
w31ae,w,ae,364,205,645,2154,3139,4027
w32ae,w,ae,239,208,626,2374,2836,NA
w33ae,w,ae,261,235,689,2701,3490,4513
w34ae,w,ae,277,218,557,2586,3202,NA
w35ae,w,ae,328,211,668,2296,2711,NA
w36ae,w,ae,413,200,746,2371,2984,4115
w37ae,w,ae,405,192,893,2070,3024,5118
w38ae,w,ae,294,219,665,2408,3034,4290
w39ae,w,ae,365,192,564,2442,NA,4038
w40ae,w,ae,301,197,714,2254,2625,NA
w41ae,w,ae,301,216,625,2594,3146,4003
w42ae,w,ae,312,222,552,2227,2978,NA
w44ae,w,ae,353,230,685,2205,2813,NA
w45ae,w,ae,333,208,657,2192,2654,4122
w46ae,w,ae,365,156,649,2508,3050,NA
w47ae,w,ae,327,211,817,2102,2711,4076
w48ae,w,ae,310,210,626,2331,2826,4005
w49ae,w,ae,319,209,706,2400,2923,NA
w50ae,w,ae,357,209,751,2432,2896,4181
b01ae,b,ae,257,238,630,2423,3166,4495
b02ae,b,ae,359,286,829,2495,3218,NA
b03ae,b,ae,335,214,631,2801,3508,NA
b04ae,b,ae,398,239,712,2608,3247,NA
b05ae,b,ae,267,200,748,2589,3042,5074
b07ae,b,ae,323,262,769,2203,3126,4128
b08ae,b,ae,316,216,870,2281,3077,NA
b09ae,b,ae,245,220,709,2565,3526,NA
b10ae,b,ae,396,205,634,2555,3121,4492
b11ae,b,ae,298,209,630,2509,3112,4573
b12ae,b,ae,415,252,736,2505,3332,4874
b13ae,b,ae,281,216,634,2535,3260,4479
b14ae,b,ae,314,198,697,2418,3371,4322
b15ae,b,ae,382,272,607,2620,3350,4534
b16ae,b,ae,367,187,753,2227,3064,NA
b17ae,b,ae,352,246,726,2231,2932,3843
b18ae,b,ae,307,249,741,2444,3043,4430
b19ae,b,ae,312,209,674,2663,3243,NA
b21ae,b,ae,352,205,769,2234,2910,4034
b22ae,b,ae,256,229,678,2524,3418,4460
b23ae,b,ae,346,267,809,2592,3331,NA
b24ae,b,ae,216,206,545,2690,NA,4362
b25ae,b,ae,284,223,669,2440,NA,4173
b26ae,b,ae,451,220,643,2434,3326,NA
b27ae,b,ae,243,211,634,2410,3303,4666
b28ae,b,ae,284,227,676,2253,3121,4122
b29ae,b,ae,291,212,860,2503,3002,4345
g01ae,g,ae,295,242,741,2433,3341,4110
g02ae,g,ae,283,196,729,2878,3792,NA
g04ae,g,ae,385,255,932,2523,3644,NA
g05ae,g,ae,456,227,682,2638,3510,4372
g06ae,g,ae,292,222,799,2397,3125,4312
g07ae,g,ae,341,242,722,2418,3017,NA
g08ae,g,ae,384,266,695,2704,3731,4633
g09ae,g,ae,382,265,758,2373,3327,4766
g10ae,g,ae,311,237,946,2540,3229,NA
g11ae,g,ae,353,230,648,2334,2834,NA
g12ae,g,ae,322,240,730,2668,3564,NA
g13ae,g,ae,301,251,752,2501,NA,NA
g14ae,g,ae,306,194,717,2313,3150,NA
g15ae,g,ae,354,226,888,2605,3651,NA
g17ae,g,ae,308,208,727,2394,3320,4450
g18ae,g,ae,317,219,591,2632,NA,NA
g19ae,g,ae,238,248,747,2703,3829,NA
g20ae,g,ae,290,227,672,2484,3492,NA
g21ae,g,ae,250,227,555,2569,3424,4677
m01ah,m,ah,316,159,813,1283,2687,3739
m02ah,m,ah,249,101,749,1060,2842,3792
m03ah,m,ah,373,97,755,1133,2695,3297
m04ah,m,ah,302,127,832,1222,2624,4050
m06ah,m,ah,230,112,871,1204,2595,3480
m07ah,m,ah,265,98,786,1341,2403,3717
m08ah,m,ah,302,115,748,1293,2446,3383
m09ah,m,ah,330,122,738,1394,2522,NA
m10ah,m,ah,271,152,763,1147,2840,NA
m11ah,m,ah,321,148,829,1444,2241,NA
m13ah,m,ah,256,104,825,1429,2701,3443
m14ah,m,ah,278,100,737,1298,2323,3320
m16ah,m,ah,192,145,679,1208,2630,3506
m17ah,m,ah,243,132,689,1064,2303,NA
m18ah,m,ah,342,135,702,1364,2498,3421
m19ah,m,ah,269,148,811,1355,2599,NA
m20ah,m,ah,272,135,744,1489,2586,NA
m21ah,m,ah,206,114,758,1363,2421,3520
m22ah,m,ah,287,115,784,1345,2522,3942
m23ah,m,ah,278,107,802,1297,2765,4049
m24ah,m,ah,258,131,803,1234,2430,3862
m25ah,m,ah,256,116,683,1238,2428,3826
m26ah,m,ah,271,124,697,1370,2597,NA
m27ah,m,ah,212,106,743,1423,2494,3682
m28ah,m,ah,154,173,710,1084,2753,NA
m29ah,m,ah,220,123,825,1438,2434,3788
m30ah,m,ah,290,101,673,1301,2433,3886
m31ah,m,ah,184,160,707,1421,2403,4126
m32ah,m,ah,216,146,697,1293,2461,NA
m33ah,m,ah,272,135,816,1361,2493,3846
m34ah,m,ah,250,115,722,1411,2264,3368
m35ah,m,ah,269,109,748,1274,2406,3201
m36ah,m,ah,252,116,744,1388,2541,3321
m37ah,m,ah,219,127,700,1295,2310,NA
m38ah,m,ah,192,148,705,1323,2643,3820
m39ah,m,ah,287,139,963,1524,2552,3494
m40ah,m,ah,254,126,711,1428,2413,3978
m41ah,m,ah,213,138,712,1325,2624,3574
m42ah,m,ah,292,140,821,1283,2498,4190
m44ah,m,ah,286,101,822,1315,2708,3689
m45ah,m,ah,285,180,753,1200,2677,NA
m47ah,m,ah,301,120,662,1183,2374,NA
m48ah,m,ah,207,122,682,1259,2618,3833
m49ah,m,ah,270,124,818,1315,2697,NA
m50ah,m,ah,250,110,710,1483,2575,3748
w01ah,w,ah,265,211,1012,1603,2767,4281
w02ah,w,ah,443,209,883,1682,2962,4059
w03ah,w,ah,257,192,1025,1548,2748,5478
w04ah,w,ah,350,216,804,1484,2789,4355
w05ah,w,ah,365,226,935,1377,2598,4753
w06ah,w,ah,329,211,804,1363,2803,NA
w07ah,w,ah,306,173,939,1233,2564,4119
w08ah,w,ah,317,243,827,1701,3056,3892
w09ah,w,ah,282,240,913,1436,2589,4097
w10ah,w,ah,367,223,856,1540,2667,3942
w11ah,w,ah,380,191,882,1380,2834,4120
w12ah,w,ah,343,216,887,1743,2557,NA
w13ah,w,ah,329,226,869,1495,2731,3937
w14ah,w,ah,275,211,994,1609,2930,NA
w15ah,w,ah,340,226,955,1615,2678,3681
w16ah,w,ah,305,189,1085,1687,2870,4578
w17ah,w,ah,267,205,937,1623,2844,3898
w19ah,w,ah,316,239,918,1640,2801,4234
w20ah,w,ah,365,193,818,1351,2933,4160
w21ah,w,ah,402,216,769,1451,2898,3949
w22ah,w,ah,350,178,1008,1495,3018,4151
w23ah,w,ah,329,207,905,1514,2848,4537
w24ah,w,ah,303,259,1063,1680,2785,4405
w25ah,w,ah,430,212,1053,1677,2868,4142
w26ah,w,ah,333,170,798,1351,2851,4228
w27ah,w,ah,284,250,869,1751,2762,4207
w28ah,w,ah,217,235,863,1538,3038,4298
w29ah,w,ah,303,248,938,1462,2825,4715
w30ah,w,ah,293,232,957,1591,2733,5540
w31ah,w,ah,315,202,827,1543,2980,4355
w32ah,w,ah,240,213,708,1547,2426,NA
w33ah,w,ah,283,241,1163,1685,3250,NA
w34ah,w,ah,247,211,1011,1541,2803,4256
w35ah,w,ah,310,201,1035,1486,2865,4155
w36ah,w,ah,455,208,952,1676,2862,4116
w37ah,w,ah,419,175,810,1314,3236,NA
w38ah,w,ah,336,217,993,1671,2751,4150
w39ah,w,ah,338,212,931,1348,2698,4540
w40ah,w,ah,297,198,822,1371,3130,4176
w41ah,w,ah,298,200,875,1491,2979,4155
w42ah,w,ah,268,226,884,1568,2819,NA
w44ah,w,ah,340,212,938,1492,2673,3930
w45ah,w,ah,312,195,914,1383,2854,4456
w46ah,w,ah,334,150,901,1509,2670,5312
w47ah,w,ah,302,207,975,1534,2658,4104
w48ah,w,ah,346,218,796,1502,2810,3801
w49ah,w,ah,326,224,1145,NA,3272,4370
w50ah,w,ah,357,234,968,1433,2850,4296
b01ah,b,ah,212,241,831,1676,2602,5616
b02ah,b,ah,328,276,1020,1555,2742,NA
b03ah,b,ah,298,214,982,1823,2865,4624
b04ah,b,ah,357,250,932,1874,2994,4636
b05ah,b,ah,270,227,1052,1659,3433,4784
b07ah,b,ah,294,308,881,1543,3076,4050
b08ah,b,ah,340,202,762,1604,2991,NA
b09ah,b,ah,285,230,987,1610,3010,4334
b10ah,b,ah,413,209,1123,1640,2684,3752
b11ah,b,ah,282,203,832,1602,2551,3921
b12ah,b,ah,425,258,968,1808,3600,4732
b13ah,b,ah,273,211,933,1694,2860,4486
b14ah,b,ah,263,201,998,1560,2745,3923
b15ah,b,ah,340,287,871,2042,3410,NA
b16ah,b,ah,364,187,859,NA,2789,5556
b17ah,b,ah,327,245,898,1544,2862,3810
b18ah,b,ah,281,254,1010,1705,2753,3899
b19ah,b,ah,292,218,951,1982,2807,NA
b21ah,b,ah,363,226,1010,1604,2588,3810
b22ah,b,ah,350,263,854,1518,2988,4522
b23ah,b,ah,292,277,1119,1588,3010,3974
b24ah,b,ah,238,228,1205,NA,2708,3883
b25ah,b,ah,295,220,872,1565,2531,4389
b26ah,b,ah,314,210,776,1490,2730,3929
b27ah,b,ah,270,223,1147,1553,2877,3946
b28ah,b,ah,271,221,1065,1483,2723,3726
b29ah,b,ah,285,227,944,1540,2896,4298
g01ah,g,ah,276,238,894,1420,2828,4068
g02ah,g,ah,298,208,1312,1820,3308,4288
g04ah,g,ah,324,246,1007,1742,2982,NA
g05ah,g,ah,375,204,978,1817,2843,4425
g06ah,g,ah,275,225,1026,1544,2536,4225
g07ah,g,ah,384,227,843,1803,2562,NA
g08ah,g,ah,407,249,993,2000,3174,4186
g09ah,g,ah,321,245,1197,1734,3187,4712
g10ah,g,ah,282,218,855,1845,3055,4493
g11ah,g,ah,298,240,1047,1488,2879,NA
g12ah,g,ah,317,200,1154,1932,3044,4564
g13ah,g,ah,334,241,931,1749,3205,4326
g14ah,g,ah,308,189,954,1472,2844,3811
g15ah,g,ah,299,233,1316,1752,3113,4180
g17ah,g,ah,304,248,911,1624,3230,4155
g18ah,g,ah,416,214,1033,1929,3428,NA
g19ah,g,ah,220,235,1129,2005,2826,3914
g20ah,g,ah,259,234,1145,1655,3062,NA
g21ah,g,ah,186,215,1021,1720,3186,4359
m01aw,m,aw,330,177,699,996,2548,3443
m02aw,m,aw,289,106,644,856,2627,3360
m03aw,m,aw,355,93,647,926,2785,3345
m04aw,m,aw,347,131,694,970,2746,3760
m06aw,m,aw,250,115,740,999,2691,3762
m07aw,m,aw,292,96,642,949,2437,3663
m08aw,m,aw,294,120,651,1033,2477,3559
m09aw,m,aw,342,123,620,1068,2634,NA
m10aw,m,aw,296,151,637,923,2722,3230
m11aw,m,aw,363,162,695,1108,2384,3683
m13aw,m,aw,283,104,664,1024,2639,3353
m14aw,m,aw,248,108,664,1043,2575,3541
m16aw,m,aw,223,142,628,1069,2689,3375
m17aw,m,aw,278,142,634,987,2305,3747
m18aw,m,aw,320,146,662,1001,2744,3642
m19aw,m,aw,274,154,653,1020,2810,NA
m20aw,m,aw,287,138,648,1013,2473,3455
m21aw,m,aw,253,107,631,1019,2219,NA
m22aw,m,aw,316,120,688,1139,2549,3782
m23aw,m,aw,292,111,696,983,2603,3892
m24aw,m,aw,248,127,691,1111,2439,3699
m25aw,m,aw,249,109,587,941,2371,3553
m26aw,m,aw,282,111,636,978,2220,NA
m27aw,m,aw,171,103,686,1064,2432,3335
m28aw,m,aw,222,122,681,1060,2863,3640
m29aw,m,aw,226,117,720,1063,2369,3620
m30aw,m,aw,344,92,619,1012,2460,3639
m31aw,m,aw,196,155,640,1149,2227,3355
m32aw,m,aw,195,144,633,995,2500,NA
m33aw,m,aw,268,133,649,1048,2441,3348
m34aw,m,aw,239,116,623,1012,2506,3357
m35aw,m,aw,304,106,645,1049,2507,3468
m36aw,m,aw,300,112,645,1063,2565,3454
m37aw,m,aw,202,130,606,991,2135,2814
m38aw,m,aw,229,142,636,1108,2623,3693
m39aw,m,aw,196,124,670,919,2241,3048
m40aw,m,aw,281,131,631,1167,2344,3799
m41aw,m,aw,249,134,687,1062,2524,3711
m42aw,m,aw,328,131,684,1000,2576,3569
m44aw,m,aw,301,100,684,1001,2833,3572
m45aw,m,aw,293,184,704,1052,2749,3611
m47aw,m,aw,300,121,591,974,2325,3357
m48aw,m,aw,242,118,611,1067,2491,3636
m49aw,m,aw,293,121,643,931,2630,3351
m50aw,m,aw,277,109,679,1102,2424,3566
w01aw,w,aw,305,218,815,1200,2783,4015
w02aw,w,aw,464,211,760,1225,2796,3956
w03aw,w,aw,326,186,772,1051,2870,NA
w04aw,w,aw,379,203,770,1245,2811,4094
w05aw,w,aw,363,231,923,1368,2503,NA
w06aw,w,aw,363,212,778,1220,2677,NA
w07aw,w,aw,314,167,809,1097,2646,3795
w08aw,w,aw,320,242,815,1426,2990,3907
w09aw,w,aw,309,241,890,1063,2523,3781
w10aw,w,aw,416,225,771,1170,2760,3765
w11aw,w,aw,380,197,755,1114,2766,3769
w12aw,w,aw,397,227,930,1422,2489,3832
w13aw,w,aw,363,234,697,1142,2507,3983
w14aw,w,aw,266,223,748,1063,2876,4302
w15aw,w,aw,394,229,827,1189,2633,3742
w16aw,w,aw,342,201,847,1192,2999,4201
w17aw,w,aw,341,211,794,1185,2896,3708
w19aw,w,aw,327,241,848,1175,2892,4199
w20aw,w,aw,344,185,713,1132,2948,3888
w21aw,w,aw,465,226,698,1127,2886,3957
w22aw,w,aw,318,191,736,1120,3055,3999
w23aw,w,aw,362,209,835,1326,2667,4042
w24aw,w,aw,366,247,907,1527,3075,3947
w25aw,w,aw,414,205,811,1254,2824,4143
w26aw,w,aw,378,180,656,1075,2684,4127
w27aw,w,aw,284,244,890,1292,2801,NA
w28aw,w,aw,262,217,860,1504,2834,3960
w29aw,w,aw,327,212,740,1037,2736,NA
w30aw,w,aw,319,233,867,1207,2746,3719
w31aw,w,aw,384,194,776,1324,2852,4064
w32aw,w,aw,287,226,699,1104,2513,5012
w33aw,w,aw,328,241,906,1386,3066,NA
w34aw,w,aw,253,210,814,1144,2729,4270
w35aw,w,aw,331,207,801,1187,2935,3882
w36aw,w,aw,422,213,822,1177,2950,3807
w37aw,w,aw,413,196,851,1105,3249,3691
w38aw,w,aw,327,219,825,1213,2751,3743
w39aw,w,aw,369,211,752,1101,2616,3732
w40aw,w,aw,303,200,765,997,3477,NA
w41aw,w,aw,332,198,957,NA,3066,4084
w42aw,w,aw,387,237,799,1146,2770,4049
w44aw,w,aw,390,222,715,963,2455,3815
w45aw,w,aw,351,196,790,1044,2933,NA
w46aw,w,aw,396,162,850,1182,2909,3824
w47aw,w,aw,310,206,813,1117,2585,3653
w48aw,w,aw,355,221,736,1098,2821,3492
w49aw,w,aw,318,219,677,1054,3278,3995
w50aw,w,aw,361,246,995,1359,2941,3877
b01aw,b,aw,242,247,725,1384,2642,4002
b02aw,b,aw,327,263,802,1287,2729,3980
b03aw,b,aw,334,207,805,1299,2582,4242
b04aw,b,aw,304,244,817,1329,2965,4583
b05aw,b,aw,236,199,780,1236,3360,4301
b07aw,b,aw,378,301,891,1383,3039,4250
b08aw,b,aw,353,207,610,993,2946,NA
b09aw,b,aw,313,238,845,1111,3049,4043
b10aw,b,aw,316,208,695,1288,3014,3966
b11aw,b,aw,331,194,761,1310,2801,4157
b12aw,b,aw,369,251,985,1630,2989,4393
b13aw,b,aw,322,210,875,1402,2830,3802
b14aw,b,aw,243,206,950,1246,2853,3961
b15aw,b,aw,312,258,750,1251,3003,3805
b16aw,b,aw,367,201,819,1074,2918,3814
b17aw,b,aw,315,264,744,1093,2898,3829
b18aw,b,aw,269,249,808,1467,2997,3931
b19aw,b,aw,294,222,820,1356,2700,3925
b21aw,b,aw,376,240,831,NA,2566,3653
b22aw,b,aw,384,249,746,1309,2957,3929
b23aw,b,aw,313,268,765,1067,3266,4042
b24aw,b,aw,196,203,770,1010,2411,3703
b25aw,b,aw,340,213,839,1240,2636,3840
b26aw,b,aw,362,220,635,1163,NA,NA
b27aw,b,aw,250,215,792,1268,2988,3553
b28aw,b,aw,267,216,640,929,2654,3529
b29aw,b,aw,305,214,941,1409,2729,3989
g01aw,g,aw,349,240,867,1292,3296,4043
g02aw,g,aw,249,217,875,1501,3294,4314
g04aw,g,aw,430,244,885,1415,3196,4086
g05aw,g,aw,368,210,882,1309,2834,4171
g06aw,g,aw,300,224,888,1266,2632,3959
g07aw,g,aw,342,233,697,1358,2263,3640
g08aw,g,aw,377,270,787,1234,2924,3939
g09aw,g,aw,425,301,932,1445,3107,4639
g10aw,g,aw,285,226,893,1563,3131,4306
g11aw,g,aw,380,232,898,1359,2850,3943
g12aw,g,aw,323,241,952,1665,3063,4440
g13aw,g,aw,339,234,823,1356,3419,NA
g14aw,g,aw,332,214,854,1109,2960,NA
g15aw,g,aw,360,239,894,1366,3371,4038
g17aw,g,aw,291,233,757,1242,3288,4072
g18aw,g,aw,441,215,1062,NA,3233,3994
g19aw,g,aw,218,221,1090,1465,2981,3936
g20aw,g,aw,274,246,998,1368,3282,3929
g21aw,g,aw,259,218,1001,1488,3149,4058
m01eh,m,eh,266,171,609,1980,2678,3695
m02eh,m,eh,167,103,517,1917,2438,3398
m03eh,m,eh,284,95,559,1695,2413,3701
m04eh,m,eh,229,127,698,1580,2492,4142
m06eh,m,eh,177,115,555,1851,2624,3626
m07eh,m,eh,197,104,571,1926,2615,NA
m08eh,m,eh,239,126,582,1768,2463,3615
m09eh,m,eh,239,120,560,1697,2663,3785
m10eh,m,eh,186,154,594,1716,2678,3680
m11eh,m,eh,261,146,569,1709,2502,3739
m13eh,m,eh,203,99,577,1811,2559,3462
m14eh,m,eh,231,110,570,1824,2627,3738
m16eh,m,eh,156,144,546,1750,2509,3259
m17eh,m,eh,181,138,554,1790,2469,NA
m18eh,m,eh,170,131,608,1831,2694,3592
m19eh,m,eh,185,151,562,1816,2707,3751
m20eh,m,eh,199,137,583,1757,2852,NA
m21eh,m,eh,138,128,615,1624,2265,3854
m22eh,m,eh,184,122,630,1786,2637,NA
m23eh,m,eh,227,111,629,1810,2639,4558
m24eh,m,eh,153,119,624,1909,2773,4101
m25eh,m,eh,190,109,559,1755,2514,4012
m26eh,m,eh,207,114,609,1675,2495,NA
m27eh,m,eh,215,104,634,1874,2563,3391
m28eh,m,eh,125,128,636,1893,2765,3480
m29eh,m,eh,177,118,620,1832,2583,3525
m30eh,m,eh,197,98,565,1805,2608,3736
m31eh,m,eh,146,146,571,1752,2668,3652
m32eh,m,eh,166,149,608,1871,2572,NA
m33eh,m,eh,205,131,567,1718,2557,3528
m34eh,m,eh,185,121,541,1743,2563,3609
m35eh,m,eh,244,112,543,1840,2574,3413
m36eh,m,eh,217,114,579,1866,2799,3558
m37eh,m,eh,139,130,568,1687,2419,3426
m38eh,m,eh,158,135,583,1760,2497,4025
m39eh,m,eh,201,150,641,1814,2642,3564
m40eh,m,eh,204,138,623,1937,2643,4105
m41eh,m,eh,188,137,562,1591,2556,3776
m42eh,m,eh,207,161,622,1799,2726,3729
m44eh,m,eh,200,98,561,1786,2603,3473
m45eh,m,eh,200,187,723,2208,3057,NA
m47eh,m,eh,209,127,534,1608,2509,3469
m48eh,m,eh,198,124,574,1813,2476,3840
m49eh,m,eh,172,114,557,1996,2876,3797
m50eh,m,eh,178,115,565,1952,2619,3756
w01eh,w,eh,217,228,734,1893,2820,4393
w02eh,w,eh,432,197,740,2186,3086,4490
w03eh,w,eh,202,218,707,2110,3028,NA
w04eh,w,eh,315,216,693,1991,3121,4569
w05eh,w,eh,260,233,743,1981,2868,5577
w06eh,w,eh,280,211,712,1881,2777,4033
w07eh,w,eh,238,198,734,2141,2746,4213
w08eh,w,eh,199,244,732,2189,3366,4521
w09eh,w,eh,233,246,710,2138,2818,4261
w10eh,w,eh,271,227,704,2023,2927,4235
w11eh,w,eh,317,195,766,1922,2908,4186
w12eh,w,eh,234,210,673,2389,2989,NA
w13eh,w,eh,231,214,651,2157,2794,4265
w14eh,w,eh,241,226,817,2242,3139,4458
w15eh,w,eh,217,222,684,1992,2951,4264
w16eh,w,eh,253,197,756,2008,3089,4856
w17eh,w,eh,188,216,750,1935,2930,4141
w19eh,w,eh,317,238,706,1986,3228,4463
w20eh,w,eh,263,173,717,2256,2896,4225
w21eh,w,eh,281,233,727,1871,2902,4122
w22eh,w,eh,239,180,584,2175,2930,4378
w23eh,w,eh,294,210,762,1902,2887,4203
w24eh,w,eh,231,251,981,2075,3215,4359
w25eh,w,eh,386,211,794,2046,3082,4549
w26eh,w,eh,183,195,620,2071,2933,4185
w27eh,w,eh,236,244,741,1997,2567,3302
w28eh,w,eh,177,223,693,2012,3003,4322
w29eh,w,eh,193,203,597,2426,3018,5138
w30eh,w,eh,221,244,886,2186,2956,NA
w31eh,w,eh,248,214,588,2130,2870,NA
w32eh,w,eh,191,189,755,1762,2646,NA
w33eh,w,eh,194,236,885,2322,3652,4600
w34eh,w,eh,179,214,804,1998,2775,NA
w35eh,w,eh,223,202,718,2005,2906,4402
w36eh,w,eh,368,205,773,2042,3009,4296
w37eh,w,eh,343,191,694,2160,3144,4529
w38eh,w,eh,268,210,680,2068,3072,4355
w39eh,w,eh,259,193,694,2052,2838,4309
w40eh,w,eh,237,185,726,2123,2959,3984
w41eh,w,eh,203,217,714,2255,2941,NA
w42eh,w,eh,250,209,623,1882,3007,4272
w44eh,w,eh,255,221,718,1952,2817,NA
w45eh,w,eh,247,198,758,2091,2829,4177
w46eh,w,eh,284,168,676,2196,3124,NA
w47eh,w,eh,244,217,770,1866,2653,4130
w48eh,w,eh,244,213,683,1851,2877,3893
w49eh,w,eh,221,222,709,2088,2670,3294
w50eh,w,eh,270,219,817,1984,2973,4218
b01eh,b,eh,184,214,713,2095,3129,NA
b02eh,b,eh,195,284,674,2196,3047,NA
b03eh,b,eh,260,191,735,2315,3286,4624
b04eh,b,eh,364,245,735,2448,3359,4483
b05eh,b,eh,207,219,787,2176,3307,5325
b07eh,b,eh,272,297,867,2054,3227,4266
b08eh,b,eh,135,205,605,2445,3265,4748
b09eh,b,eh,193,238,699,2202,3393,4786
b10eh,b,eh,234,218,646,2435,3262,4416
b11eh,b,eh,282,214,794,2066,3160,4553
b12eh,b,eh,363,249,742,2355,3514,5082
b13eh,b,eh,258,227,640,2244,3086,4758
b14eh,b,eh,168,200,806,2172,3430,4318
b15eh,b,eh,312,279,734,2242,3601,4720
b16eh,b,eh,291,202,616,2356,3200,5135
b17eh,b,eh,189,241,749,1869,3107,4224
b18eh,b,eh,195,241,710,1993,3268,4397
b19eh,b,eh,227,203,632,2431,3091,4386
b21eh,b,eh,274,204,642,2015,2916,4168
b22eh,b,eh,212,242,699,2169,3243,4489
b23eh,b,eh,238,270,1057,2426,3441,NA
b24eh,b,eh,165,212,744,2227,2966,5003
b25eh,b,eh,215,232,692,2354,3179,NA
b26eh,b,eh,331,217,668,2106,3353,4529
b27eh,b,eh,192,231,699,2194,3317,4781
b28eh,b,eh,210,221,680,2187,3099,4251
b29eh,b,eh,212,231,856,2304,2916,NA
g01eh,g,eh,202,227,653,2241,3167,4162
g02eh,g,eh,218,188,928,2254,3612,NA
g04eh,g,eh,277,245,802,2427,3488,NA
g05eh,g,eh,328,226,809,2265,3309,4564
g06eh,g,eh,174,222,660,2223,3354,4650
g07eh,g,eh,284,230,649,2268,2827,4005
g08eh,g,eh,294,244,741,2418,3665,5393
g09eh,g,eh,292,238,763,2393,3241,4709
g10eh,g,eh,278,227,816,2404,3448,4611
g11eh,g,eh,227,226,793,2228,3560,5556
g12eh,g,eh,250,236,762,2349,3484,5020
g13eh,g,eh,250,263,759,2488,3502,4828
g14eh,g,eh,297,211,621,2275,3146,4263
g15eh,g,eh,266,226,880,2638,3567,4660
g17eh,g,eh,204,249,755,2137,3384,4422
g18eh,g,eh,258,205,533,2480,3378,5147
g19eh,g,eh,222,229,868,2318,3567,NA
g20eh,g,eh,228,228,882,2524,3555,4666
g21eh,g,eh,227,230,733,2421,3250,NA
m01ei,m,ei,319,166,494,2113,2700,3674
m02ei,m,ei,261,105,438,2196,2480,3385
m03ei,m,ei,353,91,438,2026,2476,3219
m04ei,m,ei,253,134,493,2102,2839,3991
m06ei,m,ei,241,120,497,2024,2677,3546
m07ei,m,ei,281,100,555,2174,2900,4007
m08ei,m,ei,328,133,529,1974,2638,3643
m09ei,m,ei,318,122,446,1918,2674,3597
m10ei,m,ei,273,151,439,2067,2708,3551
m11ei,m,ei,360,141,433,2082,2620,3674
m13ei,m,ei,243,95,439,2126,2762,3385
m14ei,m,ei,256,109,495,2166,2668,3848
m16ei,m,ei,218,143,482,1904,2526,3489
m17ei,m,ei,259,148,435,2013,2506,3571
m18ei,m,ei,338,151,445,2268,2798,3573
m19ei,m,ei,246,156,492,2195,2786,NA
m20ei,m,ei,237,141,535,2004,2939,NA
m21ei,m,ei,196,126,382,2035,NA,NA
m22ei,m,ei,251,121,499,2068,2676,NA
m23ei,m,ei,311,116,477,2110,2563,3473
m24ei,m,ei,274,131,529,2114,2731,4063
m25ei,m,ei,267,112,494,1962,2608,4266
m26ei,m,ei,262,113,504,1878,2549,2916
m27ei,m,ei,252,115,472,2141,2623,3418
m28ei,m,ei,231,124,490,2187,2722,NA
m29ei,m,ei,211,139,393,2305,2694,3479
m30ei,m,ei,338,94,374,2436,2803,3845
m31ei,m,ei,239,158,444,2121,2547,NA
m32ei,m,ei,219,148,500,2159,2634,3816
m33ei,m,ei,311,142,480,2100,2576,3600
m34ei,m,ei,261,116,469,2035,2660,3535
m35ei,m,ei,312,108,438,2003,2552,3317
m36ei,m,ei,269,121,478,2049,2866,3664
m37ei,m,ei,193,140,497,1903,2455,3384
m38ei,m,ei,255,155,477,2073,2617,3888
m39ei,m,ei,286,151,440,2245,3044,3612
m40ei,m,ei,230,142,502,2025,2642,4334
m41ei,m,ei,217,139,501,1944,2643,3706
m42ei,m,ei,319,138,549,1921,2686,3532
m44ei,m,ei,269,101,497,2083,2628,3440
m45ei,m,ei,255,181,537,2493,3151,3723
m47ei,m,ei,282,123,482,1804,2551,3599
m48ei,m,ei,247,120,501,2042,2617,4119
m49ei,m,ei,229,138,441,2348,2935,3516
m50ei,m,ei,256,109,492,2108,2974,3921
w01ei,w,ei,239,227,539,2476,2868,4614
w02ei,w,ei,453,220,477,2704,NA,4451
w03ei,w,ei,263,208,672,2457,3190,3942
w04ei,w,ei,437,226,601,2577,3091,4603
w05ei,w,ei,302,241,487,2600,3130,5296
w06ei,w,ei,318,214,492,2437,3001,4232
w07ei,w,ei,330,186,553,2458,2788,3943
w08ei,w,ei,274,238,496,2665,3173,4520
w09ei,w,ei,222,265,505,2777,3044,NA
w10ei,w,ei,347,220,455,2433,3023,4343
w11ei,w,ei,413,214,574,2316,2854,NA
w12ei,w,ei,329,238,502,2674,3394,4881
w13ei,w,ei,318,236,647,2539,NA,4299
w14ei,w,ei,230,206,596,2478,2924,NA
w15ei,w,ei,325,244,500,2482,3060,4544
w16ei,w,ei,336,207,617,2697,3154,4684
w17ei,w,ei,261,210,558,2505,2855,4390
w19ei,w,ei,334,244,572,2428,3120,4223
w20ei,w,ei,305,203,574,2360,2686,3705
w21ei,w,ei,346,238,498,2218,2894,4130
w22ei,w,ei,269,166,511,2574,3085,4419
w23ei,w,ei,342,211,513,2435,2939,4220
w24ei,w,ei,349,263,617,2668,3319,4658
w25ei,w,ei,399,212,610,2598,3323,4544
w26ei,w,ei,420,171,485,2423,2912,4071
w27ei,w,ei,284,243,578,2474,3055,4644
w28ei,w,ei,231,234,507,2573,3121,4354
w29ei,w,ei,280,246,504,2501,3050,4066
w30ei,w,ei,313,245,494,2680,3156,NA
w31ei,w,ei,338,212,487,2408,3094,3922
w32ei,w,ei,277,215,547,2262,2708,NA
w33ei,w,ei,296,247,500,2889,3452,NA
w34ei,w,ei,267,211,433,2773,3297,NA
w35ei,w,ei,314,215,591,2562,3156,4294
w36ei,w,ei,402,211,596,2314,3113,4210
w37ei,w,ei,367,193,500,2622,3305,4364
w38ei,w,ei,310,224,645,2554,3047,4442
w39ei,w,ei,344,198,434,2568,3053,4614
w40ei,w,ei,296,202,543,2399,2775,4007
w41ei,w,ei,298,214,555,2766,3181,4122
w42ei,w,ei,343,232,484,2276,3151,3894
w44ei,w,ei,300,217,442,2464,3067,3930
w45ei,w,ei,319,205,606,2438,2723,4006
w46ei,w,ei,377,160,485,2619,NA,NA
w47ei,w,ei,313,218,472,2616,NA,NA
w48ei,w,ei,309,224,546,2237,2864,3956
w49ei,w,ei,305,214,439,2801,3084,4179
w50ei,w,ei,361,252,664,2455,2915,NA
b01ei,b,ei,222,230,534,2690,3335,NA
b02ei,b,ei,324,277,556,2482,3428,4257
b03ei,b,ei,286,201,608,2836,3599,4427
b04ei,b,ei,323,252,574,2490,3189,4252
b05ei,b,ei,247,215,611,2761,3269,4344
b07ei,b,ei,361,320,629,2663,3132,4447
b08ei,b,ei,285,223,606,2396,3015,4259
b09ei,b,ei,258,235,555,2377,3123,4316
b10ei,b,ei,314,197,580,2754,3405,4517
b11ei,b,ei,309,210,571,2586,3293,4647
b12ei,b,ei,357,260,554,2620,3604,5000
b13ei,b,ei,280,242,532,2673,3363,4376
b14ei,b,ei,260,203,436,2658,3519,NA
b15ei,b,ei,382,262,558,2643,3216,5738
b16ei,b,ei,346,193,564,2523,3286,4335
b17ei,b,ei,245,250,499,2356,2983,3954
b18ei,b,ei,265,257,621,2476,3195,4378
b19ei,b,ei,285,222,652,2661,3448,4989
b21ei,b,ei,465,232,463,2745,3155,NA
b22ei,b,ei,322,250,558,2559,3311,4479
b23ei,b,ei,336,271,586,2720,3446,NA
b24ei,b,ei,199,212,613,2593,3103,4044
b25ei,b,ei,294,219,441,2585,3014,3849
b26ei,b,ei,426,233,654,2549,3427,4449
b27ei,b,ei,293,239,494,2823,3444,NA
b28ei,b,ei,309,239,510,2438,3126,4095
b29ei,b,ei,289,236,655,2772,NA,4403
g01ei,g,ei,320,243,496,2670,3256,4188
g02ei,g,ei,286,211,648,2788,3723,NA
g04ei,g,ei,350,266,561,2663,3550,4689
g05ei,g,ei,321,220,638,2553,3348,4226
g06ei,g,ei,261,225,542,2755,3283,4740
g07ei,g,ei,421,242,544,2444,2605,4193
g08ei,g,ei,438,257,513,2881,3667,4473
g09ei,g,ei,364,258,536,2859,3507,4856
g10ei,g,ei,310,236,740,2651,3049,3683
g11ei,g,ei,315,240,494,2676,3280,3857
g12ei,g,ei,293,262,594,2733,3413,4931
g13ei,g,ei,345,258,550,2780,3468,NA
g14ei,g,ei,351,222,564,2455,3100,4057
g15ei,g,ei,386,237,497,2804,3315,NA
g17ei,g,ei,280,258,575,2502,3445,4485
g18ei,g,ei,325,209,570,3256,NA,NA
g19ei,g,ei,223,234,618,2752,4040,NA
g20ei,g,ei,294,249,540,2687,3504,4501
g21ei,g,ei,259,235,558,2533,3224,4682
m01er,m,er,324,175,506,1418,1849,3306
m02er,m,er,296,111,457,1406,NA,3489
m03er,m,er,368,94,479,1252,1621,3417
m04er,m,er,332,134,460,1473,NA,3323
m06er,m,er,217,117,489,1338,1747,2840
m07er,m,er,272,96,493,1270,1633,3749
m08er,m,er,282,131,501,1334,1611,3302
m09er,m,er,342,137,466,1377,1616,3431
m10er,m,er,249,154,459,1367,1716,2763
m11er,m,er,340,140,438,1387,1716,3178
m13er,m,er,268,110,439,1220,1681,3375
m14er,m,er,287,106,506,1464,1672,3224
m16er,m,er,204,147,439,1387,1746,3187
m17er,m,er,256,140,429,1389,1830,3203
m18er,m,er,298,139,504,1386,1813,3664
m19er,m,er,243,154,505,1330,1929,3250
m20er,m,er,356,156,457,1437,1648,3518
m21er,m,er,185,122,463,1371,1684,2852
m22er,m,er,256,120,491,1455,1896,NA
m23er,m,er,274,117,504,1173,1595,3868
m24er,m,er,258,134,513,1342,1965,3052
m25er,m,er,260,116,474,1505,NA,3210
m26er,m,er,252,121,505,1450,NA,2805
m27er,m,er,231,116,442,1517,1736,3497
m28er,m,er,201,140,496,1500,1711,NA
m29er,m,er,206,118,453,1432,NA,3404
m30er,m,er,310,103,430,1294,1487,3776
m31er,m,er,210,146,435,1289,1562,NA
m32er,m,er,202,151,491,1370,1679,3457
m33er,m,er,270,129,477,1376,1679,3103
m34er,m,er,252,115,447,1400,1791,3002
m35er,m,er,271,112,440,1447,1701,2913
m36er,m,er,290,119,493,1428,1741,3631
m37er,m,er,212,130,478,1440,1665,3255
m38er,m,er,206,142,451,1314,1731,3412
m39er,m,er,260,138,467,1432,1742,3172
m40er,m,er,266,127,505,1447,1823,3785
m41er,m,er,214,150,461,1297,1586,3194
m42er,m,er,326,143,557,1344,1610,3581
m44er,m,er,252,105,491,1300,1744,3232
m45er,m,er,255,196,486,1372,1797,3503
m47er,m,er,259,133,443,1262,1538,3480
m48er,m,er,248,116,489,1493,1836,3553
m49er,m,er,238,156,444,1377,1543,3354
m50er,m,er,258,123,516,1399,1756,3757
w01er,w,er,300,224,470,1437,1672,4499
w02er,w,er,418,218,500,1441,1914,4176
w03er,w,er,278,182,523,1413,NA,3752
w04er,w,er,350,216,619,1716,2138,3815
w05er,w,er,317,242,494,1485,1863,5284
w06er,w,er,342,225,527,1636,1974,3976
w07er,w,er,320,174,518,1604,1912,4494
w08er,w,er,272,250,516,1983,NA,4225
w09er,w,er,261,248,503,1480,1735,4038
w10er,w,er,342,230,495,1596,1973,3454
w11er,w,er,389,195,567,1496,1803,3692
w12er,w,er,348,219,501,1555,1938,3902
w13er,w,er,275,244,531,1688,1971,4172
w14er,w,er,267,225,506,1604,1915,3650
w15er,w,er,355,234,484,1652,1928,3501
w16er,w,er,295,219,597,1588,1905,4098
w17er,w,er,308,212,491,1506,1727,3593
w19er,w,er,319,246,524,1547,2066,3737
w20er,w,er,325,175,508,1562,NA,3925
w21er,w,er,370,224,469,1499,NA,4003
w22er,w,er,279,173,505,1568,1845,4078
w23er,w,er,345,212,508,1687,1913,3901
w24er,w,er,327,262,538,1813,2236,3691
w25er,w,er,403,215,617,1565,1930,4059
w26er,w,er,340,184,522,1490,2094,3783
w27er,w,er,242,257,507,1749,2028,NA
w28er,w,er,223,238,514,1831,2192,3786
w29er,w,er,311,264,580,1407,1837,4304
w30er,w,er,332,246,557,1546,1929,3970
w31er,w,er,335,184,555,1491,1998,3659
w32er,w,er,272,212,588,1509,NA,3892
w33er,w,er,345,252,549,1749,2209,3371
w34er,w,er,240,214,461,1534,1878,3563
w35er,w,er,300,218,537,1509,1682,4345
w36er,w,er,438,206,492,1635,1871,3874
w37er,w,er,371,198,455,1769,2070,4181
w38er,w,er,303,230,656,1614,2008,3911
w39er,w,er,340,189,509,1365,NA,4086
w40er,w,er,304,207,584,1486,1783,NA
w41er,w,er,262,208,491,1655,NA,NA
w42er,w,er,331,240,482,1676,NA,3067
w44er,w,er,319,237,487,1434,1911,NA
w45er,w,er,310,204,537,1638,1932,NA
w46er,w,er,382,166,500,1637,1928,3794
w47er,w,er,327,211,456,1615,1826,3903
w48er,w,er,346,231,604,1441,1835,3488
w49er,w,er,301,176,513,1569,1869,3532
w50er,w,er,356,224,503,1766,1956,4083
b01er,b,er,227,240,608,1733,2159,3724
b02er,b,er,395,283,560,1687,1990,NA
b03er,b,er,280,199,622,1837,2114,NA
b04er,b,er,386,230,580,1990,2245,3412
b05er,b,er,228,224,573,1562,2227,3589
b07er,b,er,375,294,612,1645,2306,4086
b08er,b,er,261,208,477,1809,NA,NA
b09er,b,er,262,241,505,1691,2074,3647
b10er,b,er,326,220,620,1823,2188,4436
b11er,b,er,322,211,586,1681,2069,3669
b12er,b,er,366,263,523,1874,2284,4684
b13er,b,er,255,193,574,1751,2078,3903
b14er,b,er,283,213,619,1498,1696,4076
b15er,b,er,371,281,562,1682,1981,3906
b16er,b,er,334,200,591,1626,2051,3364
b17er,b,er,304,247,556,1741,2245,3443
b18er,b,er,304,272,559,1828,2163,3815
b19er,b,er,278,217,571,1984,2206,3306
b21er,b,er,378,247,495,1555,1948,2927
b22er,b,er,336,259,678,1594,2048,3642
b23er,b,er,332,246,614,1867,2435,3695
b24er,b,er,270,248,568,1512,1783,3197
b25er,b,er,277,227,488,1584,1810,NA
b26er,b,er,347,224,479,1579,1963,3578
b27er,b,er,251,211,615,1742,2009,3679
b28er,b,er,263,220,457,1570,1926,3555
b29er,b,er,390,250,614,1733,2034,3743
g01er,g,er,297,228,556,1687,2002,4059
g02er,g,er,258,223,620,1750,2165,3998
g04er,g,er,359,285,564,2003,2349,3910
g05er,g,er,348,223,601,1791,2612,4027
g06er,g,er,299,224,632,1689,2154,4351
g07er,g,er,365,237,585,1694,2278,3580
g08er,g,er,346,260,540,1571,NA,NA
g09er,g,er,413,286,573,1748,2245,4313
g10er,g,er,320,212,631,1722,2140,4201
g11er,g,er,296,233,671,1556,2302,3554
g12er,g,er,270,253,627,1780,2415,3665
g13er,g,er,288,273,561,1692,2358,3837
g14er,g,er,312,215,603,1663,1983,3780
g15er,g,er,331,248,707,1706,2245,3863
g17er,g,er,269,225,667,1688,2246,3805
g18er,g,er,287,219,611,2033,2522,3950
g19er,g,er,197,236,670,1899,2323,3687
g20er,g,er,286,230,627,1628,2058,3641
g21er,g,er,262,225,620,1689,2361,4254
m01ih,m,ih,268,179,370,2161,2757,3609
m02ih,m,ih,183,111,384,2039,2523,3403
m03ih,m,ih,262,101,411,1932,2569,3606
m04ih,m,ih,227,135,441,2045,2694,3677
m06ih,m,ih,159,115,441,2080,2721,3750
m07ih,m,ih,190,108,363,2269,2935,NA
m08ih,m,ih,235,131,390,1948,2566,3514
m09ih,m,ih,221,132,385,1843,2696,3561
m10ih,m,ih,186,153,440,1954,2587,3381
m11ih,m,ih,301,163,470,1959,2697,3616
m13ih,m,ih,164,109,411,2034,2795,3412
m14ih,m,ih,249,121,444,2154,2659,3764
m16ih,m,ih,134,145,424,1913,2556,3309
m17ih,m,ih,169,145,419,2076,2602,3623
m18ih,m,ih,179,142,491,1958,2782,3598
m19ih,m,ih,194,159,486,2061,2719,NA
m20ih,m,ih,221,139,433,2012,2855,NA
m21ih,m,ih,145,123,418,1964,2432,3747
m22ih,m,ih,220,128,452,2062,2736,NA
m23ih,m,ih,207,113,463,2018,2688,3599
m24ih,m,ih,202,138,501,1971,2734,3961
m25ih,m,ih,176,107,427,1974,2608,3720
m26ih,m,ih,197,129,439,1951,2622,NA
m27ih,m,ih,188,115,453,2013,2660,3424
m28ih,m,ih,160,189,469,2128,2744,3938
m29ih,m,ih,145,131,404,2107,2677,3627
m30ih,m,ih,178,105,383,2167,2726,3864
m31ih,m,ih,134,165,440,2119,2694,3671
m32ih,m,ih,154,148,438,2049,2609,NA
m33ih,m,ih,204,147,437,1960,2596,3745
m34ih,m,ih,172,128,379,1942,2658,3494
m35ih,m,ih,226,111,397,1985,2615,3251
m36ih,m,ih,174,130,428,1999,2849,3497
m37ih,m,ih,147,133,434,1872,2543,3273
m38ih,m,ih,142,133,427,2140,2626,3745
m39ih,m,ih,168,149,440,2082,2767,3484
m40ih,m,ih,194,145,431,2071,2671,4177
m41ih,m,ih,185,143,437,1915,2687,3760
m42ih,m,ih,191,162,474,1956,2762,NA
m44ih,m,ih,204,111,433,2012,2708,3455
m45ih,m,ih,224,196,432,2494,3137,NA
m47ih,m,ih,244,131,396,1810,2504,3442
m48ih,m,ih,182,137,429,1962,2554,3955
m49ih,m,ih,177,136,416,2296,2995,3771
m50ih,m,ih,198,130,441,2068,2594,3812
w01ih,w,ih,176,246,496,2260,3027,4538
w02ih,w,ih,356,219,446,2444,2956,4257
w03ih,w,ih,197,188,486,2332,2925,3858
w04ih,w,ih,356,224,502,2391,3071,4705
w05ih,w,ih,266,238,497,2379,3074,5189
w06ih,w,ih,266,216,531,2174,2984,4200
w07ih,w,ih,285,192,535,2380,2930,4260
w08ih,w,ih,180,247,498,2654,3391,4768
w09ih,w,ih,218,253,500,2272,3028,4272
w10ih,w,ih,249,227,471,2277,2884,4146
w11ih,w,ih,320,207,453,2427,2932,4016
w12ih,w,ih,246,237,489,2603,3353,4364
w13ih,w,ih,219,233,555,2216,2812,4293
w14ih,w,ih,209,221,491,2316,2934,4298
w15ih,w,ih,218,234,485,2129,2967,4381
w16ih,w,ih,290,214,457,2590,3232,4506
w17ih,w,ih,203,221,474,2362,2830,4278
w19ih,w,ih,256,252,501,2355,3161,4410
w20ih,w,ih,240,213,449,2173,2840,3980
w21ih,w,ih,345,233,458,2143,2986,4236
w22ih,w,ih,171,187,440,2394,3136,4414
w23ih,w,ih,227,218,535,2134,2929,4348
w24ih,w,ih,258,256,516,2567,3485,4546
w25ih,w,ih,302,222,552,2453,3346,4360
w26ih,w,ih,209,223,455,2304,2999,4113
w27ih,w,ih,197,251,515,2378,3063,4192
w28ih,w,ih,167,238,504,2334,3063,4488
w29ih,w,ih,219,260,544,2570,3135,4088
w30ih,w,ih,208,250,501,2449,3185,5528
w31ih,w,ih,261,206,431,2190,3060,4013
w32ih,w,ih,213,215,478,2157,2793,NA
w33ih,w,ih,227,252,556,2541,3684,4693
w34ih,w,ih,175,231,486,2454,3106,4420
w35ih,w,ih,176,218,442,2472,3010,4200
w36ih,w,ih,353,225,486,2253,3212,4234
w37ih,w,ih,363,201,440,2453,3123,4395
w38ih,w,ih,239,231,477,2554,3296,4448
w39ih,w,ih,247,216,436,2559,3104,4375
w40ih,w,ih,227,205,501,2292,2863,4039
w41ih,w,ih,200,219,443,2644,3306,4193
w42ih,w,ih,170,236,489,2175,2990,4075
w44ih,w,ih,266,225,451,2247,2929,3976
w45ih,w,ih,287,213,442,2316,2899,4210
w46ih,w,ih,252,149,449,2492,3040,NA
w47ih,w,ih,208,221,444,2237,2711,4429
w48ih,w,ih,209,238,498,2234,2876,3978
w49ih,w,ih,216,225,463,2603,2991,4504
w50ih,w,ih,245,239,499,2384,3091,4100
b01ih,b,ih,197,263,551,2393,3324,4644
b02ih,b,ih,239,289,563,2608,3476,4300
b03ih,b,ih,284,228,571,2689,3572,4486
b04ih,b,ih,268,249,513,2447,3454,NA
b05ih,b,ih,209,226,479,2449,3200,4306
b07ih,b,ih,268,296,590,2354,3416,4141
b08ih,b,ih,205,215,447,2784,3287,4654
b09ih,b,ih,232,239,536,2319,3351,4492
b10ih,b,ih,263,209,529,2649,3280,4290
b11ih,b,ih,227,197,522,2387,3297,4328
b12ih,b,ih,305,262,548,2592,3485,4799
b13ih,b,ih,253,223,491,2409,3166,4422
b14ih,b,ih,177,221,470,2505,3377,5051
b15ih,b,ih,255,287,564,2515,3537,4883
b16ih,b,ih,290,198,562,2549,3101,NA
b17ih,b,ih,276,252,499,2230,3249,4272
b18ih,b,ih,196,264,535,2190,2998,4106
b19ih,b,ih,263,212,520,2695,3373,NA
b21ih,b,ih,300,257,506,2432,3008,4785
b22ih,b,ih,187,231,489,2544,3720,NA
b23ih,b,ih,205,276,559,2753,3502,4696
b24ih,b,ih,137,229,447,2645,3302,4151
b25ih,b,ih,249,212,479,2492,3187,4188
b26ih,b,ih,316,218,481,2567,3550,5376
b27ih,b,ih,174,230,551,2362,3354,5445
b28ih,b,ih,194,240,490,2449,3330,4355
b29ih,b,ih,294,243,503,2433,3150,4524
g01ih,g,ih,233,240,495,2574,3362,4511
g02ih,g,ih,197,258,557,2634,3691,NA
g04ih,g,ih,313,271,558,2427,3502,4676
g05ih,g,ih,323,219,441,2728,3285,4289
g06ih,g,ih,150,236,488,2623,3549,4771
g07ih,g,ih,311,252,506,2432,3262,4112
g08ih,g,ih,378,261,517,2619,3499,4505
g09ih,g,ih,308,264,515,2828,3627,4897
g10ih,g,ih,241,257,518,2870,3681,4774
g11ih,g,ih,250,226,499,2437,3758,NA
g12ih,g,ih,240,242,533,2762,3466,4815
g13ih,g,ih,273,257,508,2642,3494,4781
g14ih,g,ih,311,216,435,2623,3084,3887
g15ih,g,ih,337,244,497,2684,3546,4560
g17ih,g,ih,212,243,504,2408,3422,4561
g18ih,g,ih,267,212,557,2664,3468,5006
g19ih,g,ih,168,236,550,2625,3774,NA
g20ih,g,ih,220,234,489,2730,3763,4595
g21ih,g,ih,170,226,444,2846,3518,4741
m01iy,m,iy,339,172,328,2418,2939,3421
m02iy,m,iy,236,108,305,2320,3072,4047
m03iy,m,iy,315,96,331,2311,2865,4042
m04iy,m,iy,240,134,353,2385,3400,3929
m06iy,m,iy,241,122,367,2390,2777,3449
m07iy,m,iy,259,101,346,2379,3217,3790
m08iy,m,iy,298,164,312,2402,2849,3508
m09iy,m,iy,341,129,355,2049,2921,3543
m10iy,m,iy,223,163,320,2300,3038,3546
m11iy,m,iy,323,160,315,2253,2886,3486
m13iy,m,iy,229,106,327,2257,2943,3478
m14iy,m,iy,256,106,329,2514,3073,NA
m16iy,m,iy,179,142,311,2274,2510,3497
m17iy,m,iy,261,165,322,2282,2746,NA
m18iy,m,iy,273,143,364,2366,3042,3397
m19iy,m,iy,232,160,350,2462,2921,NA
m20iy,m,iy,263,161,314,2368,3378,NA
m21iy,m,iy,153,129,328,2123,3444,NA
m22iy,m,iy,251,127,372,2280,2710,NA
m23iy,m,iy,265,121,367,2244,3042,3490
m24iy,m,iy,241,133,381,2515,3059,3858
m25iy,m,iy,268,119,352,2254,2888,3827
m26iy,m,iy,271,115,323,2269,2943,3857
m27iy,m,iy,218,117,338,2329,2945,3733
m28iy,m,iy,194,175,368,2509,2893,NA
m29iy,m,iy,161,132,309,2385,3219,3647
m30iy,m,iy,282,107,307,2405,3442,3853
m31iy,m,iy,202,158,312,2319,2865,3652
m32iy,m,iy,205,166,327,2378,2999,NA
m33iy,m,iy,254,159,314,2506,2963,3945
m34iy,m,iy,200,130,365,2119,2883,3279
m35iy,m,iy,268,113,327,2143,2881,NA
m36iy,m,iy,219,135,362,2103,3074,3590
m37iy,m,iy,195,137,392,2127,2874,3373
m38iy,m,iy,187,145,308,2190,2819,3861
m39iy,m,iy,235,184,373,2207,3191,3639
m40iy,m,iy,231,154,343,2502,3035,4001
m41iy,m,iy,221,141,394,2300,2827,3556
m42iy,m,iy,286,157,373,2214,3134,3754
m44iy,m,iy,291,100,312,2307,2834,3305
m45iy,m,iy,234,216,420,2600,NA,3653
m47iy,m,iy,228,159,315,2052,3005,3364
m48iy,m,iy,216,130,366,2504,NA,3869
m49iy,m,iy,246,133,370,2536,3332,3849
m50iy,m,iy,228,114,354,2375,3150,3586
w01iy,w,iy,232,234,441,2806,3260,4743
w02iy,w,iy,380,222,435,2890,3667,4366
w03iy,w,iy,289,192,380,2703,3087,3895
w04iy,w,iy,364,215,428,2767,3627,4627
w05iy,w,iy,305,249,346,2703,3510,5524
w06iy,w,iy,332,221,439,2676,3291,3978
w07iy,w,iy,281,200,394,2689,3058,NA
w08iy,w,iy,297,264,493,2967,3496,4626
w09iy,w,iy,246,266,442,2850,3157,4155
w10iy,w,iy,324,239,477,2866,3236,4195
w11iy,w,iy,433,203,408,2627,3064,3685
w12iy,w,iy,359,223,435,2868,3625,4714
w13iy,w,iy,336,229,438,2813,3532,4314
w14iy,w,iy,261,225,440,2706,3404,NA
w15iy,w,iy,321,259,455,2797,3129,4365
w16iy,w,iy,278,227,443,2944,3546,4568
w17iy,w,iy,240,210,429,2698,3509,4486
w19iy,w,iy,302,247,492,2695,3371,4622
w20iy,w,iy,287,195,382,2563,3477,4105
w21iy,w,iy,353,223,434,2512,2998,3875
w22iy,w,iy,304,214,435,2621,3116,4553
w23iy,w,iy,307,219,433,2634,3307,4293
w24iy,w,iy,334,272,531,2996,3831,4614
w25iy,w,iy,346,237,467,3009,NA,4701
w26iy,w,iy,336,177,375,2577,3276,4145
w27iy,w,iy,250,252,497,2795,3266,3995
w28iy,w,iy,222,246,495,2910,NA,4396
w29iy,w,iy,284,275,508,2731,3669,5883
w30iy,w,iy,306,233,452,2754,3511,4441
w31iy,w,iy,316,237,461,2359,3218,3953
w32iy,w,iy,261,216,433,2720,3035,4149
w33iy,w,iy,257,268,505,2982,3741,4723
w34iy,w,iy,236,220,434,2854,3614,4107
w35iy,w,iy,276,215,426,2775,3535,3990
w36iy,w,iy,324,220,424,2692,3336,4372
w37iy,w,iy,396,201,380,2816,3312,4323
w38iy,w,iy,276,223,439,2927,3283,4440
w39iy,w,iy,338,210,430,2606,NA,NA
w40iy,w,iy,271,198,383,2733,3326,4027
w41iy,w,iy,263,229,438,2964,3632,4187
w42iy,w,iy,376,250,427,2772,3762,4365
w44iy,w,iy,368,226,437,2555,3583,4023
w45iy,w,iy,326,217,431,2522,3008,4257
w46iy,w,iy,316,155,331,3049,3736,4993
w47iy,w,iy,336,230,440,2757,3175,4202
w48iy,w,iy,279,255,489,2641,2952,3743
w49iy,w,iy,290,243,419,2874,3367,4353
w50iy,w,iy,314,231,437,2778,3139,3801
b01iy,b,iy,237,277,554,3022,3541,4437
b02iy,b,iy,317,287,344,3193,3579,4536
b03iy,b,iy,277,219,441,3081,3975,NA
b04iy,b,iy,318,260,509,2873,3475,4442
b05iy,b,iy,242,244,475,3203,NA,4553
b07iy,b,iy,310,307,488,3063,4430,4922
b08iy,b,iy,241,220,434,3127,3566,4488
b09iy,b,iy,296,251,501,2760,3262,NA
b10iy,b,iy,266,222,424,3198,3818,4465
b11iy,b,iy,254,207,429,2984,3348,3988
b12iy,b,iy,349,262,516,3126,3621,4657
b13iy,b,iy,234,239,476,2772,3371,4505
b14iy,b,iy,327,203,421,3337,NA,4471
b15iy,b,iy,329,259,446,3011,3587,4693
b16iy,b,iy,324,207,428,3070,NA,4507
b17iy,b,iy,331,259,493,2811,NA,4237
b18iy,b,iy,269,285,504,2803,3130,4503
b19iy,b,iy,288,228,442,3135,NA,4726
b21iy,b,iy,398,247,427,2952,3556,NA
b22iy,b,iy,325,260,475,2916,3399,4785
b23iy,b,iy,277,293,366,3207,3722,4806
b24iy,b,iy,205,213,424,3199,3815,4500
b25iy,b,iy,309,239,382,2987,NA,4167
b26iy,b,iy,342,218,441,3079,3474,4496
b27iy,b,iy,241,239,410,2874,3505,4757
b28iy,b,iy,268,240,361,2938,3810,4598
b29iy,b,iy,269,255,366,3024,3867,4832
g01iy,g,iy,314,222,389,3068,3544,4184
g02iy,g,iy,248,246,498,3451,4100,4757
g04iy,g,iy,324,294,463,3225,3699,4423
g05iy,g,iy,305,239,475,3320,NA,4612
g06iy,g,iy,230,250,478,2997,3755,4961
g07iy,g,iy,386,250,457,2776,4268,5050
g08iy,g,iy,390,263,507,3319,3823,4468
g09iy,g,iy,399,294,503,3256,4056,4720
g10iy,g,iy,292,222,456,3389,4027,4701
g11iy,g,iy,282,238,465,2875,3699,4242
g12iy,g,iy,304,212,436,3340,3862,5060
g13iy,g,iy,396,278,464,3104,3692,4710
g14iy,g,iy,320,220,432,2688,3161,3954
g15iy,g,iy,357,251,477,3266,3889,4683
g17iy,g,iy,266,273,466,3004,3634,4716
g18iy,g,iy,343,222,436,3443,3843,4756
g19iy,g,iy,193,237,479,3093,3755,4256
g20iy,g,iy,243,232,469,3278,4165,4695
g21iy,g,iy,258,238,472,3120,3574,4588
m01oa,m,oa,369,169,509,989,2561,3485
m02oa,m,oa,261,105,519,891,2532,2993
m03oa,m,oa,417,96,496,863,2548,NA
m04oa,m,oa,300,146,441,862,2455,3204
m06oa,m,oa,263,114,524,1000,2432,3324
m07oa,m,oa,266,94,515,1126,2455,3588
m08oa,m,oa,285,125,500,868,2552,3423
m09oa,m,oa,340,134,503,950,2680,3323
m10oa,m,oa,269,153,476,1016,2502,3191
m11oa,m,oa,374,149,496,867,2380,3245
m13oa,m,oa,268,104,486,826,2631,NA
m14oa,m,oa,269,107,491,1065,2383,3281
m16oa,m,oa,214,142,434,862,2561,3116
m17oa,m,oa,272,146,439,699,2107,NA
m18oa,m,oa,337,138,454,745,2623,3617
m19oa,m,oa,247,157,566,997,2748,3558
m20oa,m,oa,319,133,534,1002,2293,3526
m21oa,m,oa,204,127,499,859,2080,NA
m22oa,m,oa,287,119,520,987,2573,3716
m23oa,m,oa,279,117,461,801,2442,3360
m24oa,m,oa,233,126,543,1009,2326,3757
m25oa,m,oa,261,112,494,925,2235,3620
m26oa,m,oa,275,107,436,865,2377,3051
m27oa,m,oa,246,105,533,900,2435,3452
m28oa,m,oa,213,130,530,1000,2652,NA
m29oa,m,oa,238,118,509,896,2354,3136
m30oa,m,oa,301,95,376,659,2572,3283
m31oa,m,oa,175,150,457,870,2566,3349
m32oa,m,oa,198,160,487,804,2508,3557
m33oa,m,oa,260,138,502,879,2465,3377
m34oa,m,oa,243,124,499,883,2618,NA
m35oa,m,oa,317,114,465,969,2364,3046
m36oa,m,oa,230,122,496,908,2435,3255
m37oa,m,oa,211,142,437,861,2160,3132
m38oa,m,oa,209,136,548,1067,2480,NA
m39oa,m,oa,252,151,444,815,2375,NA
m40oa,m,oa,256,134,522,911,2461,3761
m41oa,m,oa,229,143,554,1005,2369,3426
m42oa,m,oa,289,140,528,792,2481,3295
m44oa,m,oa,282,106,555,1019,2611,NA
m45oa,m,oa,247,181,552,924,2565,3666
m47oa,m,oa,293,143,473,820,2308,3247
m48oa,m,oa,232,133,499,927,2493,3677
m49oa,m,oa,188,136,495,938,2519,3140
m50oa,m,oa,251,119,601,1045,2396,3657
w01oa,w,oa,302,234,557,1135,2961,NA
w02oa,w,oa,422,212,432,1013,2690,NA
w03oa,w,oa,274,176,624,1130,2881,NA
w04oa,w,oa,410,225,627,1314,2911,4195
w05oa,w,oa,376,224,443,879,2532,NA
w06oa,w,oa,353,203,580,995,2637,3869
w07oa,w,oa,262,196,621,1025,2704,4015
w08oa,w,oa,304,253,506,1257,2957,4210
w09oa,w,oa,257,252,538,998,2796,3736
w10oa,w,oa,363,219,453,980,2854,4173
w11oa,w,oa,372,196,597,1150,2751,3482
w12oa,w,oa,319,233,688,1185,2748,4005
w13oa,w,oa,315,236,631,1181,2458,4089
w14oa,w,oa,264,216,636,1041,2862,NA
w15oa,w,oa,357,226,449,924,2694,3979
w16oa,w,oa,346,209,612,1026,2896,4374
w17oa,w,oa,298,206,616,1034,2785,NA
w19oa,w,oa,340,241,631,1185,2942,3997
w20oa,w,oa,317,174,504,1047,2749,NA
w21oa,w,oa,374,234,469,934,2571,3701
w22oa,w,oa,334,181,578,1061,2882,4313
w23oa,w,oa,345,201,560,987,2311,3851
w24oa,w,oa,362,242,508,991,3121,4277
w25oa,w,oa,443,213,658,1045,2928,4071
w26oa,w,oa,378,167,498,970,2876,3523
w27oa,w,oa,265,243,582,946,2704,3783
w28oa,w,oa,225,240,613,1184,3063,3830
w29oa,w,oa,285,274,636,981,2944,3871
w30oa,w,oa,313,230,636,1096,2684,3869
w31oa,w,oa,363,203,584,936,2985,3784
w32oa,w,oa,239,217,499,1046,2697,3788
w33oa,w,oa,277,247,504,990,3324,4466
w34oa,w,oa,254,219,453,880,2924,3920
w35oa,w,oa,309,210,641,1195,2890,3996
w36oa,w,oa,340,217,620,1057,2833,3911
w37oa,w,oa,406,195,563,1198,3046,4055
w38oa,w,oa,296,221,632,1108,2869,3948
w39oa,w,oa,353,204,430,820,2783,3860
w40oa,w,oa,305,207,438,812,3068,3709
w41oa,w,oa,288,226,450,889,2904,4115
w42oa,w,oa,318,219,444,987,2727,3587
w44oa,w,oa,347,212,435,862,2516,3832
w45oa,w,oa,323,206,608,1007,2866,3717
w46oa,w,oa,350,183,568,1112,2827,3920
w47oa,w,oa,380,224,624,1109,2691,3736
w48oa,w,oa,282,237,522,923,2871,3733
w49oa,w,oa,315,206,444,803,3233,3939
w50oa,w,oa,361,239,720,1277,2812,3803
b01oa,b,oa,267,250,693,1235,2850,4299
b02oa,b,oa,336,258,557,1106,2808,NA
b03oa,b,oa,310,211,624,1456,2933,4143
b04oa,b,oa,322,250,685,1128,3181,4228
b05oa,b,oa,247,197,589,1050,3083,4472
b07oa,b,oa,311,315,641,1243,3443,4192
b08oa,b,oa,341,248,554,896,2870,3882
b09oa,b,oa,210,237,516,1181,3079,3896
b10oa,b,oa,316,209,623,1241,2770,4397
b11oa,b,oa,270,198,591,1168,2769,4068
b12oa,b,oa,403,261,716,NA,2864,4655
b13oa,b,oa,259,218,586,1217,3041,4065
b14oa,b,oa,263,203,623,1044,3142,4054
b15oa,b,oa,394,282,562,1051,3094,4209
b16oa,b,oa,315,217,588,1063,3228,4133
b17oa,b,oa,290,269,581,1115,2924,3758
b18oa,b,oa,260,257,613,1236,2766,4192
b19oa,b,oa,335,185,548,1062,2926,4636
b21oa,b,oa,397,243,584,936,2679,3363
b22oa,b,oa,370,257,588,1117,2848,4342
b23oa,b,oa,314,274,557,1065,3040,4511
b24oa,b,oa,216,212,615,NA,2691,4123
b25oa,b,oa,292,223,625,1100,2747,3869
b26oa,b,oa,338,215,646,1244,3023,3919
b27oa,b,oa,264,225,658,1272,2944,4451
b28oa,b,oa,293,224,616,1047,2669,3769
b29oa,b,oa,267,241,578,1122,2833,4312
g01oa,g,oa,263,251,571,1243,2854,4123
g02oa,g,oa,295,230,683,1038,3200,4216
g04oa,g,oa,380,282,583,1352,3140,4468
g05oa,g,oa,380,239,678,1306,3202,4410
g06oa,g,oa,268,226,483,903,2954,4311
g07oa,g,oa,442,241,492,927,2671,3775
g08oa,g,oa,309,259,536,789,2863,4052
g09oa,g,oa,423,275,561,1151,2996,4682
g10oa,g,oa,338,238,630,1491,3010,4420
g11oa,g,oa,363,232,455,923,3258,3919
g12oa,g,oa,237,225,637,1142,3360,4440
g13oa,g,oa,351,251,502,960,3274,4284
g14oa,g,oa,330,240,499,992,3121,3822
g15oa,g,oa,382,243,577,1217,3225,4142
g17oa,g,oa,262,267,785,1551,3138,4245
g18oa,g,oa,300,221,568,1096,2991,NA
g19oa,g,oa,222,234,688,1197,3184,NA
g20oa,g,oa,317,213,622,1223,3380,4350
g21oa,g,oa,246,222,643,1262,3194,4435
m01oo,m,oo,255,169,450,995,2519,3419
m02oo,m,oo,174,112,424,992,2249,2939
m03oo,m,oo,275,96,489,1059,2567,NA
m04oo,m,oo,210,134,522,1123,2538,3375
m06oo,m,oo,147,117,468,1115,2492,3365
m07oo,m,oo,197,92,442,1176,2435,3355
m08oo,m,oo,241,132,486,1116,2563,3442
m09oo,m,oo,238,125,442,1205,2580,3292
m10oo,m,oo,196,157,485,1086,2556,3266
m11oo,m,oo,275,151,472,1296,2273,3438
m13oo,m,oo,208,113,459,1036,2625,3345
m14oo,m,oo,203,116,446,1298,2275,3249
m16oo,m,oo,150,145,438,1177,2478,3211
m17oo,m,oo,178,148,438,979,2187,NA
m18oo,m,oo,166,158,481,1094,2623,3551
m19oo,m,oo,222,163,499,1127,2684,3603
m20oo,m,oo,237,144,438,1181,2381,3289
m21oo,m,oo,147,119,451,1106,2195,3861
m22oo,m,oo,173,124,470,1202,2555,3827
m23oo,m,oo,204,121,503,1058,2518,3388
m24oo,m,oo,210,131,504,1318,2491,3709
m25oo,m,oo,216,111,507,1183,2309,3656
m26oo,m,oo,208,116,492,1157,2454,3153
m27oo,m,oo,173,113,487,994,2299,3332
m28oo,m,oo,146,132,435,994,2565,NA
m29oo,m,oo,188,124,491,1246,2336,3473
m30oo,m,oo,191,109,430,1021,2507,3358
m31oo,m,oo,111,156,463,1086,2453,3542
m32oo,m,oo,134,160,500,1067,2435,3703
m33oo,m,oo,180,141,495,1093,2463,3412
m34oo,m,oo,160,125,442,1092,2459,NA
m35oo,m,oo,230,106,466,1375,2478,3149
m36oo,m,oo,185,120,496,1101,2396,3370
m37oo,m,oo,159,132,497,1164,2245,3158
m38oo,m,oo,153,146,436,1154,2300,NA
m39oo,m,oo,196,151,498,1048,2391,3158
m40oo,m,oo,168,142,435,1263,2559,3875
m41oo,m,oo,176,151,468,1064,2383,3345
m42oo,m,oo,227,128,510,1238,2250,3582
m44oo,m,oo,220,112,409,965,2490,2999
m45oo,m,oo,186,195,497,1107,2501,NA
m47oo,m,oo,219,141,465,1087,2217,3161
m48oo,m,oo,167,136,441,1181,2326,NA
m49oo,m,oo,178,164,456,1002,2518,3193
m50oo,m,oo,205,120,495,1106,2444,3677
w01oo,w,oo,238,228,489,1357,2937,4453
w02oo,w,oo,390,225,503,1332,2903,4049
w03oo,w,oo,265,215,494,1102,2863,3494
w04oo,w,oo,279,222,509,1323,3122,4236
w05oo,w,oo,269,244,506,1188,2485,4668
w06oo,w,oo,283,207,483,987,2679,3929
w07oo,w,oo,227,182,563,1233,2758,4040
w08oo,w,oo,210,254,546,1534,2880,4007
w09oo,w,oo,209,247,500,1200,2783,3966
w10oo,w,oo,253,231,491,1179,2636,4171
w11oo,w,oo,332,200,575,1619,2737,3591
w12oo,w,oo,289,225,502,1322,2951,4337
w13oo,w,oo,227,240,552,1193,2559,4141
w14oo,w,oo,227,224,499,1103,2900,4472
w15oo,w,oo,240,248,501,1189,2647,NA
w16oo,w,oo,273,219,562,1109,2904,4365
w17oo,w,oo,202,232,492,1161,2766,4225
w19oo,w,oo,332,249,505,1404,2774,4061
w20oo,w,oo,301,233,500,1095,2804,3957
w21oo,w,oo,370,242,496,1169,2654,3870
w22oo,w,oo,270,203,458,1042,3007,4108
w23oo,w,oo,208,231,617,1373,2579,4069
w24oo,w,oo,245,262,559,1246,3127,4147
w25oo,w,oo,331,228,509,1244,2980,4116
w26oo,w,oo,171,195,490,1122,2824,3979
w27oo,w,oo,167,262,616,1331,2696,3905
w28oo,w,oo,181,242,521,1428,3156,4171
w29oo,w,oo,205,285,570,1117,2820,NA
w30oo,w,oo,216,254,532,1354,2810,4203
w31oo,w,oo,245,228,482,1124,2704,3780
w32oo,w,oo,183,205,541,1183,2780,3998
w33oo,w,oo,187,244,615,1375,3295,4339
w34oo,w,oo,187,232,579,1392,2760,3997
w35oo,w,oo,203,236,552,1364,2809,3799
w36oo,w,oo,328,214,449,1396,2702,3917
w37oo,w,oo,333,228,464,1169,2985,4173
w38oo,w,oo,251,258,552,1214,2882,4065
w39oo,w,oo,236,187,486,1088,2663,4151
w40oo,w,oo,233,205,516,1019,2890,3729
w41oo,w,oo,217,226,444,1081,3049,4142
w42oo,w,oo,246,240,497,1440,2713,3621
w44oo,w,oo,242,224,499,1144,2511,NA
w45oo,w,oo,239,224,480,1108,2717,4000
w46oo,w,oo,265,177,520,1421,2998,4162
w47oo,w,oo,231,237,498,1162,2708,3931
w48oo,w,oo,239,255,519,1051,2741,3709
w49oo,w,oo,217,256,509,1049,3306,3958
w50oo,w,oo,273,236,553,1135,2859,4553
b01oo,b,oo,184,247,553,1495,2868,4311
b02oo,b,oo,253,292,570,1148,2947,NA
b03oo,b,oo,247,200,574,1808,2985,4204
b04oo,b,oo,343,251,558,1742,3271,4441
b05oo,b,oo,197,218,543,1473,3166,4526
b07oo,b,oo,281,305,624,1513,3061,4251
b08oo,b,oo,200,218,469,1097,2801,4433
b09oo,b,oo,222,237,615,1345,3346,4248
b10oo,b,oo,259,214,613,1561,2856,4253
b11oo,b,oo,271,213,593,1507,2997,4330
b12oo,b,oo,325,268,588,1578,3113,4905
b13oo,b,oo,244,227,626,1578,2786,3914
b14oo,b,oo,179,212,494,1245,3037,4465
b15oo,b,oo,329,291,570,1423,3457,4397
b16oo,b,oo,261,202,615,1397,3109,4594
b17oo,b,oo,247,263,508,1245,2885,3821
b18oo,b,oo,189,236,563,1585,2841,4135
b19oo,b,oo,294,252,578,1574,3026,4421
b21oo,b,oo,270,221,531,1540,2931,3757
b22oo,b,oo,232,237,627,1703,2883,4297
b23oo,b,oo,206,277,561,1627,3037,4387
b24oo,b,oo,169,237,493,1248,2751,4145
b25oo,b,oo,254,238,512,1260,2826,4175
b26oo,b,oo,303,227,546,1254,3333,4248
b27oo,b,oo,174,211,622,1417,2993,4509
b28oo,b,oo,213,239,492,1200,2622,3841
b29oo,b,oo,221,233,684,1623,3019,4437
g01oo,g,oo,224,243,499,1440,2980,4156
g02oo,g,oo,206,228,639,1518,3253,NA
g04oo,g,oo,367,271,564,1613,3065,4181
g05oo,g,oo,375,225,504,1440,3000,4499
g06oo,g,oo,234,254,545,1307,3032,4432
g07oo,g,oo,186,249,507,1720,2978,4076
g08oo,g,oo,292,271,585,1636,2941,4088
g09oo,g,oo,284,294,595,1737,3235,5110
g10oo,g,oo,268,229,667,1446,3220,4303
g11oo,g,oo,310,219,627,1515,3034,3879
g12oo,g,oo,214,259,571,1819,3274,4711
g13oo,g,oo,269,279,563,1577,3159,4478
g14oo,g,oo,314,245,498,1491,2924,3983
g15oo,g,oo,298,233,597,1599,3270,4320
g17oo,g,oo,188,236,643,1860,3306,4352
g18oo,g,oo,211,217,556,1558,3490,4106
g19oo,g,oo,155,237,682,1571,3394,NA
g20oo,g,oo,241,239,512,1644,3483,4332
g21oo,g,oo,179,243,575,1580,3509,4659
m01uh,m,uh,292,171,670,1178,2566,3641
m02uh,m,uh,173,105,642,998,2682,3611
m03uh,m,uh,297,96,622,1075,2622,NA
m04uh,m,uh,211,131,650,1036,2697,NA
m06uh,m,uh,169,117,629,1146,2643,3463
m07uh,m,uh,185,90,651,1176,2564,3762
m08uh,m,uh,242,132,626,1159,2643,3553
m09uh,m,uh,203,121,602,1336,2690,NA
m10uh,m,uh,183,157,658,1410,2720,3573
m11uh,m,uh,295,155,619,1241,2455,3630
m13uh,m,uh,172,107,636,1153,2756,3283
m14uh,m,uh,227,105,631,1133,2560,3375
m16uh,m,uh,146,147,573,1152,2604,3341
m17uh,m,uh,176,152,663,1166,2177,NA
m18uh,m,uh,193,147,610,1168,2529,3624
m19uh,m,uh,183,154,637,1295,2757,NA
m20uh,m,uh,189,138,623,1163,2555,3586
m21uh,m,uh,139,120,593,1254,2302,3163
m22uh,m,uh,226,122,622,1155,2606,3878
m23uh,m,uh,202,114,617,1071,2685,3839
m24uh,m,uh,201,130,628,1223,2609,3761
m25uh,m,uh,212,113,601,1214,2305,3816
m26uh,m,uh,230,116,593,1213,2329,3196
m27uh,m,uh,166,105,662,1166,2553,3437
m28uh,m,uh,168,124,682,1192,2774,3495
m29uh,m,uh,145,133,623,1207,2455,3784
m30uh,m,uh,199,96,560,1118,2503,3466
m31uh,m,uh,128,152,622,1285,2472,3483
m32uh,m,uh,143,147,666,1135,2471,NA
m33uh,m,uh,204,136,575,1130,2489,3416
m34uh,m,uh,177,124,583,1187,2627,3544
m35uh,m,uh,219,109,561,1343,2498,3364
m36uh,m,uh,171,118,630,1328,2554,3516
m37uh,m,uh,169,134,596,1053,2282,3350
m38uh,m,uh,155,141,602,1176,2495,3641
m39uh,m,uh,193,149,608,1167,2523,3350
m40uh,m,uh,201,138,612,1317,2608,4247
m41uh,m,uh,181,144,628,1172,2626,3844
m42uh,m,uh,242,128,631,1241,2276,3534
m44uh,m,uh,208,107,650,1154,2640,3725
m45uh,m,uh,194,180,670,1061,2703,NA
m47uh,m,uh,198,124,566,1040,2476,3515
m48uh,m,uh,188,119,600,1182,2471,3671
m49uh,m,uh,166,138,618,1228,2718,3521
m50uh,m,uh,176,119,622,1163,2370,3428
w01uh,w,uh,246,222,803,1501,2989,4128
w02uh,w,uh,345,226,788,1547,2917,4456
w03uh,w,uh,206,182,789,1291,2877,3768
w04uh,w,uh,331,216,731,1552,3111,4424
w05uh,w,uh,290,224,693,1381,2560,NA
w06uh,w,uh,233,226,795,1362,2671,4100
w07uh,w,uh,209,189,854,1401,2756,3954
w08uh,w,uh,207,243,716,1634,3119,4010
w09uh,w,uh,193,236,809,1391,2927,3665
w10uh,w,uh,256,217,680,1499,2885,4077
w11uh,w,uh,266,205,773,1614,2813,3927
w12uh,w,uh,248,241,817,1604,2649,4181
w13uh,w,uh,221,235,739,1320,2596,4107
w14uh,w,uh,206,220,742,1352,2960,4044
w15uh,w,uh,288,226,700,1338,2750,4028
w16uh,w,uh,250,198,824,1459,2924,4526
w17uh,w,uh,183,212,705,1166,2890,3882
w19uh,w,uh,286,235,839,1555,3003,4367
w20uh,w,uh,249,216,642,1338,2938,4007
w21uh,w,uh,330,221,701,1318,2881,4216
w22uh,w,uh,209,188,777,1397,3033,4325
w23uh,w,uh,220,211,686,1477,2698,4078
w24uh,w,uh,250,239,769,1382,3035,4062
w25uh,w,uh,309,217,815,1427,3002,4261
w26uh,w,uh,187,195,678,1397,2861,4221
w27uh,w,uh,195,244,823,1419,3051,3884
w28uh,w,uh,194,231,700,1580,3018,4084
w29uh,w,uh,200,307,885,1580,3078,4731
w30uh,w,uh,208,235,835,1507,2834,4055
w31uh,w,uh,199,216,756,1531,2871,5349
w32uh,w,uh,224,209,685,1100,2510,NA
w33uh,w,uh,193,244,828,1454,3287,4369
w34uh,w,uh,164,222,764,1359,2875,4294
w35uh,w,uh,215,207,729,1435,3109,4072
w36uh,w,uh,365,206,761,1380,3042,4066
w37uh,w,uh,325,206,809,1468,3153,4195
w38uh,w,uh,214,228,818,1516,2970,4004
w39uh,w,uh,233,198,710,1293,2623,4029
w40uh,w,uh,233,194,755,1427,2965,4013
w41uh,w,uh,201,215,827,1416,3022,3849
w42uh,w,uh,156,236,736,1300,2829,3982
w44uh,w,uh,251,214,678,1229,2590,4010
w45uh,w,uh,274,199,780,1380,2854,4114
w46uh,w,uh,200,155,693,1277,2935,3885
w47uh,w,uh,206,213,712,1499,2757,3904
w48uh,w,uh,208,236,733,1378,2891,3747
w49uh,w,uh,215,220,796,1271,3197,4131
w50uh,w,uh,262,213,811,1450,2938,4543
b01uh,b,uh,205,237,632,1573,2913,4182
b02uh,b,uh,161,269,731,1550,3363,4548
b03uh,b,uh,226,210,823,1655,2926,4499
b04uh,b,uh,293,241,756,1672,3183,4454
b05uh,b,uh,150,217,637,1424,3328,4362
b07uh,b,uh,310,289,822,1489,3281,4222
b08uh,b,uh,242,201,667,1442,2882,4187
b09uh,b,uh,228,233,695,1423,3210,4153
b10uh,b,uh,248,203,612,1432,3046,4373
b11uh,b,uh,266,213,699,1454,2765,4228
b12uh,b,uh,298,254,762,1721,3234,4787
b13uh,b,uh,250,211,639,1454,3098,4207
b14uh,b,uh,215,210,697,1305,3167,NA
b15uh,b,uh,307,280,654,NA,3466,NA
b16uh,b,uh,300,183,739,1411,3122,5617
b17uh,b,uh,239,257,696,1297,2881,3971
b18uh,b,uh,233,266,780,1428,3070,4226
b19uh,b,uh,241,235,754,1742,3002,5246
b21uh,b,uh,254,212,632,1352,2740,4014
b22uh,b,uh,296,255,746,1552,3044,NA
b23uh,b,uh,219,282,863,1566,3134,4257
b24uh,b,uh,158,213,685,1485,2679,4022
b25uh,b,uh,223,220,688,1251,2795,4127
b26uh,b,uh,292,216,670,1538,3264,4197
b27uh,b,uh,172,214,763,1522,2931,4008
b28uh,b,uh,212,206,667,1400,3017,3975
b29uh,b,uh,243,234,778,1422,3266,4259
g01uh,g,uh,200,247,740,1502,3001,4168
g02uh,g,uh,215,220,882,1623,3434,NA
g04uh,g,uh,275,268,784,1614,3392,4277
g05uh,g,uh,290,225,897,1494,2960,4308
g06uh,g,uh,218,238,754,1430,3034,4120
g07uh,g,uh,286,234,620,1579,2861,3720
g08uh,g,uh,303,242,695,1832,3000,4186
g09uh,g,uh,248,262,756,1579,3388,4915
g10uh,g,uh,222,229,880,1680,3280,4534
g11uh,g,uh,227,226,701,1563,3058,3984
g12uh,g,uh,226,248,796,1669,3254,4498
g13uh,g,uh,232,229,738,1626,3315,4322
g14uh,g,uh,259,208,633,1454,2986,4001
g15uh,g,uh,302,247,684,1732,3241,4359
g17uh,g,uh,215,256,782,1622,3171,4106
g18uh,g,uh,226,207,744,1854,3360,NA
g19uh,g,uh,184,227,885,1629,3430,4164
g20uh,g,uh,210,248,1045,1609,3456,4202
g21uh,g,uh,177,229,646,1578,3366,4375
m01uw,m,uw,281,184,374,931,2433,3364
m02uw,m,uw,257,114,319,938,2091,2957
m03uw,m,uw,420,101,360,953,2505,3207
m04uw,m,uw,288,144,422,1299,2347,NA
m06uw,m,uw,231,120,366,919,2378,3375
m07uw,m,uw,231,113,326,997,2384,3463
m08uw,m,uw,239,126,382,1058,2334,3240
m09uw,m,uw,296,136,384,1234,2418,3068
m10uw,m,uw,237,156,338,1087,2515,NA
m11uw,m,uw,327,161,319,936,2187,3346
m13uw,m,uw,240,116,371,793,2719,3357
m14uw,m,uw,260,115,379,1123,2383,3215
m16uw,m,uw,183,148,382,994,2372,2985
m17uw,m,uw,210,174,339,860,2013,NA
m18uw,m,uw,264,147,415,1016,2465,3549
m19uw,m,uw,226,165,455,1181,2616,3339
m20uw,m,uw,284,156,370,889,2324,NA
m21uw,m,uw,196,116,372,1010,2136,NA
m22uw,m,uw,275,128,387,1123,2426,3713
m23uw,m,uw,230,132,389,959,2441,3229
m24uw,m,uw,239,147,435,1137,2395,3784
m25uw,m,uw,204,123,372,972,2316,3396
m26uw,m,uw,225,123,374,921,2288,3074
m27uw,m,uw,207,123,371,950,2264,3431
m28uw,m,uw,197,189,377,888,2416,NA
m29uw,m,uw,185,143,401,980,2460,3609
m30uw,m,uw,288,105,313,861,2374,3366
m31uw,m,uw,171,199,379,982,2407,NA
m32uw,m,uw,185,165,402,809,2466,3662
m33uw,m,uw,241,160,373,931,2381,3451
m34uw,m,uw,244,131,377,1008,2308,2956
m35uw,m,uw,254,114,357,1130,2300,3063
m36uw,m,uw,265,124,388,982,2316,3409
m37uw,m,uw,193,143,409,846,2073,3275
m38uw,m,uw,195,153,377,1063,2238,4014
m39uw,m,uw,250,192,387,967,2257,3237
m40uw,m,uw,205,151,316,893,2385,3947
m41uw,m,uw,200,154,437,1085,2305,3227
m42uw,m,uw,256,154,435,1070,2416,3568
m44uw,m,uw,219,113,365,999,2270,2937
m45uw,m,uw,245,224,437,871,2393,NA
m47uw,m,uw,250,147,413,1193,2164,3160
m48uw,m,uw,212,132,378,893,2455,4206
m49uw,m,uw,125,171,374,887,2478,3417
m50uw,m,uw,222,130,389,1033,2375,3378
w01uw,w,uw,281,260,503,1068,2810,4651
w02uw,w,uw,409,218,435,1384,2804,4158
w03uw,w,uw,271,211,431,788,2717,3556
w04uw,w,uw,430,216,436,1415,2843,4543
w05uw,w,uw,328,223,455,994,2612,4248
w06uw,w,uw,311,219,437,1113,2676,4028
w07uw,w,uw,384,211,384,1084,2929,4156
w08uw,w,uw,287,258,503,1514,2816,4460
w09uw,w,uw,265,265,504,1096,2665,4162
w10uw,w,uw,351,238,473,1113,2626,4200
w11uw,w,uw,377,232,461,1627,2761,4000
w12uw,w,uw,300,242,477,998,2690,4058
w13uw,w,uw,298,231,445,1136,2692,4362
w14uw,w,uw,241,239,483,1117,2707,4036
w15uw,w,uw,298,262,466,778,2699,4066
w16uw,w,uw,268,225,440,1122,2856,4960
w17uw,w,uw,266,216,436,911,2724,4306
w19uw,w,uw,293,257,506,1030,2575,3870
w20uw,w,uw,283,171,360,1034,2731,3749
w21uw,w,uw,378,247,491,1260,2502,3689
w22uw,w,uw,310,199,391,971,2945,4173
w23uw,w,uw,363,210,431,1003,2366,3825
w24uw,w,uw,327,268,525,1065,2942,4278
w25uw,w,uw,382,226,448,1369,2921,4338
w26uw,w,uw,333,230,445,881,2580,NA
w27uw,w,uw,234,256,503,963,2776,4106
w28uw,w,uw,182,261,508,1001,2763,3943
w29uw,w,uw,274,297,510,917,2757,3889
w30uw,w,uw,274,268,502,1050,2695,5145
w31uw,w,uw,277,237,488,1119,2702,3497
w32uw,w,uw,242,238,477,1184,2610,4056
w33uw,w,uw,291,272,504,1068,3121,4627
w34uw,w,uw,244,242,483,938,2835,4084
w35uw,w,uw,294,232,448,1463,2693,4178
w36uw,w,uw,405,219,438,1711,2636,3958
w37uw,w,uw,406,220,437,1178,2852,4222
w38uw,w,uw,277,260,504,1041,2838,4374
w39uw,w,uw,266,215,429,827,2719,4144
w40uw,w,uw,296,223,438,1078,2774,3896
w41uw,w,uw,235,237,450,916,2959,4138
w42uw,w,uw,272,255,474,974,2540,3460
w44uw,w,uw,346,254,430,954,2491,3799
w45uw,w,uw,340,204,415,1001,2556,4016
w46uw,w,uw,302,166,362,1351,2879,4362
w47uw,w,uw,272,238,482,987,2781,4063
w48uw,w,uw,265,234,458,1163,2651,3623
w49uw,w,uw,248,240,467,993,2802,4120
w50uw,w,uw,308,265,491,1317,2680,3875
b01uw,b,uw,253,246,502,1540,3176,4723
b02uw,b,uw,327,287,559,1312,2870,3996
b03uw,b,uw,304,194,506,2378,2991,4158
b04uw,b,uw,292,258,503,1104,3346,4196
b05uw,b,uw,260,240,481,1226,3131,4453
b07uw,b,uw,303,330,609,1658,2644,4220
b08uw,b,uw,262,228,440,1124,3117,4300
b09uw,b,uw,211,255,503,1119,3100,4354
b10uw,b,uw,275,215,463,1676,2976,4303
b11uw,b,uw,246,197,430,1448,2896,4163
b12uw,b,uw,313,258,503,1255,3105,4692
b13uw,b,uw,233,209,435,1312,2715,4137
b14uw,b,uw,263,206,418,940,2567,3879
b15uw,b,uw,324,282,548,1123,3152,3888
b16uw,b,uw,274,241,491,1467,2936,4269
b17uw,b,uw,228,262,505,1296,2619,3650
b18uw,b,uw,269,278,548,1377,2702,4170
b19uw,b,uw,270,281,550,1114,3012,4797
b21uw,b,uw,320,260,504,997,2826,3702
b22uw,b,uw,243,256,504,1515,2952,4078
b23uw,b,uw,251,283,557,NA,3111,4460
b24uw,b,uw,214,221,438,1336,3117,4368
b25uw,b,uw,286,219,436,1170,NA,NA
b26uw,b,uw,320,235,449,916,3002,4148
b27uw,b,uw,233,254,495,1283,3033,4188
b28uw,b,uw,255,216,434,1297,2694,4018
b29uw,b,uw,302,249,498,1509,2866,4141
g01uw,g,uw,327,251,500,1724,2988,4306
g02uw,g,uw,236,188,435,1059,3389,4493
g04uw,g,uw,300,288,556,1736,3005,4246
g05uw,g,uw,378,219,437,1733,3208,4391
g06uw,g,uw,246,256,480,1011,2574,4618
g07uw,g,uw,367,255,503,821,2874,4390
g08uw,g,uw,315,271,540,1653,2799,4095
g09uw,g,uw,307,303,568,1508,2987,4819
g10uw,g,uw,318,216,460,1422,3099,4443
g11uw,g,uw,324,238,460,1291,3010,4107
g12uw,g,uw,273,276,540,1998,3104,NA
g13uw,g,uw,286,273,527,1407,3253,4570
g14uw,g,uw,304,239,486,968,2756,3872
g15uw,g,uw,368,244,496,1739,2873,4092
g17uw,g,uw,245,236,490,2179,3131,4420
g18uw,g,uw,315,214,435,1829,3316,4536
g19uw,g,uw,192,243,497,1334,3067,3928
g20uw,g,uw,248,248,498,1740,3291,4500
g21uw,g,uw,227,225,446,1533,3269,4504
