dataset,Sex,Type,Vowel,shared_vowel,F0,F1,F2,F3
PB,m,m,iy,1,160,240,2280,2850
PB,m,m,iy,1,186,280,2400,2790
PB,m,m,iy,1,147,220,2220,2910
PB,m,m,iy,1,148,210,2360,3250
PB,m,m,iy,1,105,250,2180,2680
PB,m,m,iy,1,111,244,2300,2780
PB,m,m,iy,1,150,300,2240,3400
PB,m,m,iy,1,156,280,2450,3200
PB,m,m,iy,1,140,310,2310,2820
PB,m,m,iy,1,131,260,2250,2850
PB,m,m,iy,1,125,312,2350,2800
PB,m,m,iy,1,119,330,2430,2870
PB,m,m,iy,1,186,320,2320,3120
PB,m,m,iy,1,172,310,2280,3020
PB,m,m,iy,1,105,230,2480,3200
PB,m,m,iy,1,109,218,2380,3100
PB,m,m,iy,1,175,316,2200,2800
PB,m,m,iy,1,175,280,2275,2775
PB,m,m,iy,1,129,260,2260,2820
PB,m,m,iy,1,125,250,2200,2825
PB,m,m,iy,1,146,248,2225,3100
PB,m,m,iy,1,140,238,2175,3075
PB,m,m,iy,1,110,220,2410,3000
PB,m,m,iy,1,125,240,2440,3280
PB,m,m,iy,1,142,290,2290,2600
PB,m,m,iy,1,135,260,2290,2700
PB,m,m,iy,1,114,228,2350,2860
PB,m,m,iy,1,118,220,2350,2920
PB,m,m,iy,1,121,230,2100,2850
PB,m,m,iy,1,118,240,2000,2980
PB,m,m,iy,1,150,300,2355,3250
PB,m,m,iy,1,150,300,2460,3280
PB,m,m,iy,1,120,264,2290,2700
PB,m,m,iy,1,128,256,2305,2635
PB,m,m,iy,1,124,210,2100,3090
PB,m,m,iy,1,130,220,2080,3180
PB,m,m,iy,1,129,190,2650,3280
PB,m,m,iy,1,135,190,2700,3170
PB,m,m,iy,1,127,250,2180,2660
PB,m,m,iy,1,131,260,2210,2780
PB,m,m,iy,1,155,280,2400,2910
PB,m,m,iy,1,150,300,2320,2960
PB,m,m,iy,1,135,300,2300,2800
PB,m,m,iy,1,135,350,2240,2760
PB,m,m,iy,1,125,240,2100,2900
PB,m,m,iy,1,119,240,2150,2860
PB,m,m,iy,1,148,280,2450,2700
PB,m,m,iy,1,160,288,2500,2880
PB,m,m,iy,1,110,250,2190,3000
PB,m,m,iy,1,106,254,2085,2890
PB,m,m,iy,1,123,246,2185,2730
PB,m,m,iy,1,133,267,2280,2800
PB,m,m,iy,1,138,275,2060,2800
PB,m,m,iy,1,136,270,2020,2790
PB,m,m,iy,1,125,320,2160,2900
PB,m,m,iy,1,133,267,2230,3000
PB,m,m,iy,1,133,333,2305,3200
PB,m,m,iy,1,131,326,2260,3030
PB,m,m,iy,1,166,267,2300,2940
PB,m,m,iy,1,156,220,2300,2900
PB,m,m,iy,1,120,312,2380,2900
PB,m,m,iy,1,120,300,2350,3000
PB,m,m,iy,1,146,292,2500,3150
PB,m,m,iy,1,133,266,2370,3100
PB,m,m,iy,1,143,286,2415,2860
PB,m,m,iy,1,150,300,2415,2860
PB,f,w,iy,1,230,370,2670,3100
PB,f,w,iy,1,234,390,2760,3060
PB,f,w,iy,1,225,270,2760,3550
PB,f,w,iy,1,240,290,2700,3350
PB,f,w,iy,1,210,290,2700,3020
PB,f,w,iy,1,215,280,2630,3240
PB,f,w,iy,1,210,294,2800,3100
PB,f,w,iy,1,222,270,2880,3160
PB,f,w,iy,1,175,350,2800,3160
PB,f,w,iy,1,187,338,2870,3300
PB,f,w,iy,1,250,325,2700,3100
PB,f,w,iy,1,225,310,2750,3225
PB,f,w,iy,1,200,300,3100,3400
PB,f,w,iy,1,216,300,3100,3500
PB,f,w,iy,1,225,337,2700,3300
PB,f,w,iy,1,233,340,2720,3200
PB,f,w,iy,1,225,225,2760,3900
PB,f,w,iy,1,230,230,2850,3800
PB,f,w,iy,1,240,290,3000,3840
PB,f,w,iy,1,250,325,2900,3500
PB,f,w,iy,1,255,275,2800,3310
PB,f,w,iy,1,245,245,2800,3300
PB,f,w,iy,1,236,236,2790,3760
PB,f,w,iy,1,242,242,2770,3800
PB,f,w,iy,1,225,360,2920,3400
PB,f,w,iy,1,233,340,2840,3300
PB,f,w,iy,1,285,285,2900,3500
PB,f,w,iy,1,286,310,2900,3400
PB,f,w,iy,1,170,340,2750,3120
PB,f,w,iy,1,238,360,2760,3120
PB,f,w,iy,1,200,320,2360,2980
PB,f,w,iy,1,203,304,2380,3050
PB,f,w,iy,1,203,406,2600,2945
PB,f,w,iy,1,200,400,2600,3100
PB,f,w,iy,1,240,380,2880,3360
PB,f,w,iy,1,250,380,2820,3300
PB,f,w,iy,1,200,320,2750,3100
PB,f,w,iy,1,178,356,2755,3200
PB,f,w,iy,1,280,357,2800,3360
PB,f,w,iy,1,275,340,2860,3350
PB,f,w,iy,1,200,240,2760,3700
PB,f,w,iy,1,220,220,2850,3800
PB,f,w,iy,1,220,286,2800,3550
PB,f,w,iy,1,241,289,2800,3400
PB,f,w,iy,1,236,307,2670,3150
PB,f,w,iy,1,245,340,2700,3250
PB,f,w,iy,1,256,384,2860,3210
PB,f,w,iy,1,250,375,3000,3400
PB,f,w,iy,1,268,320,2900,3200
PB,f,w,iy,1,263,290,2750,3050
PB,f,w,iy,1,234,280,2690,3040
PB,f,w,iy,1,261,280,2740,2980
PB,f,w,iy,1,208,270,2820,3450
PB,f,w,iy,1,225,250,2880,3350
PB,f,w,iy,1,258,310,2740,3200
PB,f,w,iy,1,262,262,2680,3170
PB,f,c,iy,1,228,460,3300,3950
PB,f,c,iy,1,200,400,3400,3850
PB,f,c,iy,1,290,320,3500,4260
PB,f,c,iy,1,305,350,3400,4100
PB,m,c,iy,1,240,380,3140,3700
PB,m,c,iy,1,258,310,3350,3650
PB,f,c,iy,1,291,410,3200,3800
PB,f,c,iy,1,264,420,3400,3900
PB,f,c,iy,1,330,460,2800,3550
PB,f,c,iy,1,333,490,2730,3550
PB,f,c,iy,1,210,340,3400,4320
PB,f,c,iy,1,227,590,3610,4220
PB,f,c,iy,1,253,330,3250,3720
PB,f,c,iy,1,262,340,3100,3400
PB,m,c,iy,1,250,300,2950,3600
PB,m,c,iy,1,270,320,3210,3600
PB,m,c,iy,1,235,280,2820,3400
PB,m,c,iy,1,244,317,3125,3500
PB,m,c,iy,1,230,280,3140,3830
PB,m,c,iy,1,250,300,3400,3950
PB,m,c,iy,1,275,330,3050,3800
PB,m,c,iy,1,286,340,2860,3610
PB,f,c,iy,1,295,380,3200,4000
PB,f,c,iy,1,267,350,3250,3700
PB,m,c,iy,1,300,300,3250,3850
PB,m,c,iy,1,275,275,3280,3800
PB,m,c,iy,1,265,370,2950,3400
PB,m,c,iy,1,290,370,2910,3480
PB,f,c,iy,1,320,350,3240,3760
PB,f,c,iy,1,344,344,3120,3640
H,m,m,iy,1,172,328,2418,2939
H,m,m,iy,1,108,305,2320,3072
H,m,m,iy,1,96,331,2311,2865
H,m,m,iy,1,134,353,2385,3400
H,m,m,iy,1,122,367,2390,2777
H,m,m,iy,1,101,346,2379,3217
H,m,m,iy,1,164,312,2402,2849
H,m,m,iy,1,129,355,2049,2921
H,m,m,iy,1,163,320,2300,3038
H,m,m,iy,1,160,315,2253,2886
H,m,m,iy,1,106,327,2257,2943
H,m,m,iy,1,106,329,2514,3073
H,m,m,iy,1,142,311,2274,2510
H,m,m,iy,1,165,322,2282,2746
H,m,m,iy,1,143,364,2366,3042
H,m,m,iy,1,160,350,2462,2921
H,m,m,iy,1,161,314,2368,3378
H,m,m,iy,1,129,328,2123,3444
H,m,m,iy,1,127,372,2280,2710
H,m,m,iy,1,121,367,2244,3042
H,m,m,iy,1,133,381,2515,3059
H,m,m,iy,1,119,352,2254,2888
H,m,m,iy,1,115,323,2269,2943
H,m,m,iy,1,117,338,2329,2945
H,m,m,iy,1,175,368,2509,2893
H,m,m,iy,1,132,309,2385,3219
H,m,m,iy,1,107,307,2405,3442
H,m,m,iy,1,158,312,2319,2865
H,m,m,iy,1,166,327,2378,2999
H,m,m,iy,1,159,314,2506,2963
H,m,m,iy,1,130,365,2119,2883
H,m,m,iy,1,113,327,2143,2881
H,m,m,iy,1,135,362,2103,3074
H,m,m,iy,1,137,392,2127,2874
H,m,m,iy,1,145,308,2190,2819
H,m,m,iy,1,184,373,2207,3191
H,m,m,iy,1,154,343,2502,3035
H,m,m,iy,1,141,394,2300,2827
H,m,m,iy,1,157,373,2214,3134
H,m,m,iy,1,100,312,2307,2834
H,m,m,iy,1,159,315,2052,3005
H,m,m,iy,1,133,370,2536,3332
H,m,m,iy,1,114,354,2375,3150
H,f,w,iy,1,234,441,2806,3260
H,f,w,iy,1,222,435,2890,3667
H,f,w,iy,1,192,380,2703,3087
H,f,w,iy,1,215,428,2767,3627
H,f,w,iy,1,249,346,2703,3510
H,f,w,iy,1,221,439,2676,3291
H,f,w,iy,1,200,394,2689,3058
H,f,w,iy,1,264,493,2967,3496
H,f,w,iy,1,266,442,2850,3157
H,f,w,iy,1,239,477,2866,3236
H,f,w,iy,1,203,408,2627,3064
H,f,w,iy,1,223,435,2868,3625
H,f,w,iy,1,229,438,2813,3532
H,f,w,iy,1,225,440,2706,3404
H,f,w,iy,1,259,455,2797,3129
H,f,w,iy,1,227,443,2944,3546
H,f,w,iy,1,210,429,2698,3509
H,f,w,iy,1,247,492,2695,3371
H,f,w,iy,1,195,382,2563,3477
H,f,w,iy,1,223,434,2512,2998
H,f,w,iy,1,214,435,2621,3116
H,f,w,iy,1,219,433,2634,3307
H,f,w,iy,1,272,531,2996,3831
H,f,w,iy,1,177,375,2577,3276
H,f,w,iy,1,252,497,2795,3266
H,f,w,iy,1,275,508,2731,3669
H,f,w,iy,1,233,452,2754,3511
H,f,w,iy,1,237,461,2359,3218
H,f,w,iy,1,216,433,2720,3035
H,f,w,iy,1,268,505,2982,3741
H,f,w,iy,1,220,434,2854,3614
H,f,w,iy,1,215,426,2775,3535
H,f,w,iy,1,220,424,2692,3336
H,f,w,iy,1,201,380,2816,3312
H,f,w,iy,1,223,439,2927,3283
H,f,w,iy,1,198,383,2733,3326
H,f,w,iy,1,229,438,2964,3632
H,f,w,iy,1,250,427,2772,3762
H,f,w,iy,1,226,437,2555,3583
H,f,w,iy,1,217,431,2522,3008
H,f,w,iy,1,155,331,3049,3736
H,f,w,iy,1,230,440,2757,3175
H,f,w,iy,1,255,489,2641,2952
H,f,w,iy,1,243,419,2874,3367
H,f,w,iy,1,231,437,2778,3139
H,m,c,iy,1,277,554,3022,3541
H,m,c,iy,1,287,344,3193,3579
H,m,c,iy,1,219,441,3081,3975
H,m,c,iy,1,260,509,2873,3475
H,m,c,iy,1,307,488,3063,4430
H,m,c,iy,1,220,434,3127,3566
H,m,c,iy,1,251,501,2760,3262
H,m,c,iy,1,222,424,3198,3818
H,m,c,iy,1,207,429,2984,3348
H,m,c,iy,1,262,516,3126,3621
H,m,c,iy,1,239,476,2772,3371
H,m,c,iy,1,259,446,3011,3587
H,m,c,iy,1,285,504,2803,3130
H,m,c,iy,1,247,427,2952,3556
H,m,c,iy,1,260,475,2916,3399
H,m,c,iy,1,293,366,3207,3722
H,m,c,iy,1,213,424,3199,3815
H,m,c,iy,1,218,441,3079,3474
H,m,c,iy,1,239,410,2874,3505
H,m,c,iy,1,240,361,2938,3810
H,m,c,iy,1,255,366,3024,3867
H,f,c,iy,1,222,389,3068,3544
H,f,c,iy,1,246,498,3451,4100
H,f,c,iy,1,294,463,3225,3699
H,f,c,iy,1,250,478,2997,3755
H,f,c,iy,1,250,457,2776,4268
H,f,c,iy,1,263,507,3319,3823
H,f,c,iy,1,294,503,3256,4056
H,f,c,iy,1,222,456,3389,4027
H,f,c,iy,1,238,465,2875,3699
H,f,c,iy,1,212,436,3340,3862
H,f,c,iy,1,278,464,3104,3692
H,f,c,iy,1,220,432,2688,3161
H,f,c,iy,1,251,477,3266,3889
H,f,c,iy,1,273,466,3004,3634
H,f,c,iy,1,222,436,3443,3843
H,f,c,iy,1,237,479,3093,3755
H,f,c,iy,1,232,469,3278,4165
H,f,c,iy,1,238,472,3120,3574
PB,m,m,ih,1,203,390,2030,2640
PB,m,m,ih,1,192,310,1980,2550
PB,m,m,ih,1,141,410,1890,2680
PB,m,m,ih,1,139,420,1850,2500
PB,m,m,ih,1,100,400,1930,2610
PB,m,m,ih,1,104,400,1990,2700
PB,m,m,ih,1,156,450,1960,2400
PB,m,m,ih,1,146,440,2050,2360
PB,m,m,ih,1,137,440,2060,2640
PB,m,m,ih,1,134,430,1880,2450
PB,m,m,ih,1,133,420,2000,2660
PB,m,m,ih,1,125,313,2000,2750
PB,m,m,ih,1,167,470,2000,2660
PB,m,m,ih,1,170,410,2040,2715
PB,m,m,ih,1,110,320,2200,2680
PB,m,m,ih,1,103,206,2130,2570
PB,m,m,ih,1,167,450,1820,2475
PB,m,m,ih,1,167,434,1850,2425
PB,m,m,ih,1,146,400,2040,2500
PB,m,m,ih,1,144,389,2000,2425
PB,m,m,ih,1,150,405,1925,2550
PB,m,m,ih,1,138,416,1940,2600
PB,m,m,ih,1,120,450,1880,2450
PB,m,m,ih,1,118,380,1930,2420
PB,m,m,ih,1,132,390,1950,2550
PB,m,m,ih,1,135,400,1900,2450
PB,m,m,ih,1,110,407,2070,2500
PB,m,m,ih,1,112,420,1900,2450
PB,m,m,ih,1,130,365,1900,2340
PB,m,m,ih,1,119,300,2040,2560
PB,m,m,ih,1,160,385,2242,2805
PB,m,m,ih,1,150,407,2250,2780
PB,m,m,ih,1,112,380,1880,2440
PB,m,m,ih,1,115,346,1930,2390
PB,m,m,ih,1,128,280,2000,2710
PB,m,m,ih,1,130,310,1950,2670
PB,m,m,ih,1,132,370,1750,2700
PB,m,m,ih,1,130,370,1800,2750
PB,m,m,ih,1,121,400,1900,2440
PB,m,m,ih,1,122,350,1980,2480
PB,m,m,ih,1,142,410,2060,2680
PB,m,m,ih,1,150,450,2050,2670
PB,m,m,ih,1,136,410,2200,2680
PB,m,m,ih,1,138,440,2080,2520
PB,m,m,ih,1,130,380,1870,2450
PB,m,m,ih,1,120,430,1710,2350
PB,m,m,ih,1,160,400,2080,2530
PB,m,m,ih,1,153,384,2110,2500
PB,m,m,ih,1,111,330,1967,2670
PB,m,m,ih,1,108,430,1940,2590
PB,m,m,ih,1,140,420,2300,2800
PB,m,m,ih,1,120,384,2110,2620
PB,m,m,ih,1,133,349,2030,2760
PB,m,m,ih,1,136,340,1940,2560
PB,m,m,ih,1,115,440,1750,2400
PB,m,m,ih,1,116,390,1780,2450
PB,m,m,ih,1,125,375,2188,2750
PB,m,m,ih,1,133,400,2150,2680
PB,m,m,ih,1,154,431,2040,2460
PB,m,m,ih,1,155,360,2010,2400
PB,m,m,ih,1,140,490,2000,2620
PB,m,m,ih,1,140,490,1960,2600
PB,m,m,ih,1,143,372,2220,2640
PB,m,m,ih,1,131,350,2130,2610
PB,m,m,ih,1,140,400,1980,2500
PB,m,m,ih,1,145,407,2095,2620
PB,f,w,ih,1,234,468,2330,2930
PB,f,w,ih,1,205,410,2380,2950
PB,f,w,ih,1,245,460,2500,3220
PB,f,w,ih,1,220,410,2400,3240
PB,f,w,ih,1,211,420,2300,2950
PB,f,w,ih,1,211,420,2220,2980
PB,f,w,ih,1,202,420,2430,3030
PB,f,w,ih,1,212,420,2370,2930
PB,f,w,ih,1,200,400,2540,3200
PB,f,w,ih,1,210,420,2680,3000
PB,f,w,ih,1,214,350,2580,3000
PB,f,w,ih,1,267,390,2700,3200
PB,f,w,ih,1,214,428,2570,3000
PB,f,w,ih,1,220,440,2640,3080
PB,f,w,ih,1,237,474,2370,3095
PB,f,w,ih,1,237,475,2400,3090
PB,f,w,ih,1,238,429,2560,3200
PB,f,w,ih,1,230,430,2575,3100
PB,f,w,ih,1,250,500,2370,3120
PB,f,w,ih,1,238,476,2380,3090
PB,f,w,ih,1,267,534,2500,3250
PB,f,w,ih,1,264,528,2640,3370
PB,f,w,ih,1,222,444,2555,3110
PB,f,w,ih,1,242,420,2700,3120
PB,f,w,ih,1,257,514,2570,3070
PB,f,w,ih,1,238,500,2680,3260
PB,f,w,ih,1,297,480,2670,3260
PB,f,w,ih,1,220,440,2620,3380
PB,f,w,ih,1,167,480,2390,2950
PB,f,w,ih,1,194,520,2450,3000
PB,f,w,ih,1,211,444,2220,2740
PB,f,w,ih,1,210,420,2090,2780
PB,f,w,ih,1,200,460,2300,2800
PB,f,w,ih,1,210,420,2305,2835
PB,f,w,ih,1,233,514,2600,2930
PB,f,w,ih,1,237,473,2660,2970
PB,f,w,ih,1,194,388,2622,3050
PB,f,w,ih,1,194,426,2460,3040
PB,f,w,ih,1,290,480,2600,3060
PB,f,w,ih,1,292,465,2598,3060
PB,f,w,ih,1,228,319,2500,3020
PB,f,w,ih,1,216,324,2500,3010
PB,f,w,ih,1,225,383,2420,3080
PB,f,w,ih,1,240,384,2400,3050
PB,f,w,ih,1,231,417,2300,3000
PB,f,w,ih,1,239,410,2200,2910
PB,f,w,ih,1,230,460,2665,3140
PB,f,w,ih,1,233,467,2680,3150
PB,f,w,ih,1,258,460,2380,2940
PB,f,w,ih,1,251,480,2260,2980
PB,f,w,ih,1,260,470,2500,3400
PB,f,w,ih,1,262,440,2480,3240
PB,f,w,ih,1,220,370,2530,3060
PB,f,w,ih,1,250,400,2600,3120
PB,f,w,ih,1,262,450,2310,3020
PB,f,w,ih,1,263,472,2270,2950
PB,f,c,ih,1,205,600,2550,4000
PB,f,c,ih,1,205,610,2500,4100
PB,f,c,ih,1,322,640,3200,3660
PB,f,c,ih,1,325,650,3000,3800
PB,m,c,ih,1,290,580,2760,3400
PB,m,c,ih,1,250,500,2660,3500
PB,f,c,ih,1,291,580,2900,3820
PB,f,c,ih,1,280,560,2840,3900
PB,f,c,ih,1,310,560,2500,3450
PB,f,c,ih,1,310,580,2500,3450
PB,f,c,ih,1,235,680,3250,4380
PB,f,c,ih,1,220,440,3000,3790
PB,f,c,ih,1,250,500,2500,3640
PB,f,c,ih,1,278,530,2630,3640
PB,m,c,ih,1,290,550,2610,3560
PB,m,c,ih,1,286,540,2570,3600
PB,m,c,ih,1,230,460,2520,3300
PB,m,c,ih,1,212,420,2480,3140
PB,m,c,ih,1,225,450,2700,3650
PB,m,c,ih,1,250,400,2840,3700
PB,m,c,ih,1,280,500,2720,3360
PB,m,c,ih,1,230,600,2750,3550
PB,f,c,ih,1,294,380,2960,3800
PB,f,c,ih,1,300,520,2900,3600
PB,m,c,ih,1,286,570,2850,3400
PB,m,c,ih,1,267,485,2630,3450
PB,m,c,ih,1,271,515,2740,3280
PB,m,c,ih,1,290,485,2600,3200
PB,f,c,ih,1,308,590,2760,3500
PB,f,c,ih,1,320,540,2900,3500
H,m,m,ih,1,179,370,2161,2757
H,m,m,ih,1,111,384,2039,2523
H,m,m,ih,1,101,411,1932,2569
H,m,m,ih,1,135,441,2045,2694
H,m,m,ih,1,115,441,2080,2721
H,m,m,ih,1,108,363,2269,2935
H,m,m,ih,1,131,390,1948,2566
H,m,m,ih,1,132,385,1843,2696
H,m,m,ih,1,153,440,1954,2587
H,m,m,ih,1,163,470,1959,2697
H,m,m,ih,1,109,411,2034,2795
H,m,m,ih,1,121,444,2154,2659
H,m,m,ih,1,145,424,1913,2556
H,m,m,ih,1,145,419,2076,2602
H,m,m,ih,1,142,491,1958,2782
H,m,m,ih,1,159,486,2061,2719
H,m,m,ih,1,139,433,2012,2855
H,m,m,ih,1,123,418,1964,2432
H,m,m,ih,1,128,452,2062,2736
H,m,m,ih,1,113,463,2018,2688
H,m,m,ih,1,138,501,1971,2734
H,m,m,ih,1,107,427,1974,2608
H,m,m,ih,1,129,439,1951,2622
H,m,m,ih,1,115,453,2013,2660
H,m,m,ih,1,189,469,2128,2744
H,m,m,ih,1,131,404,2107,2677
H,m,m,ih,1,105,383,2167,2726
H,m,m,ih,1,165,440,2119,2694
H,m,m,ih,1,148,438,2049,2609
H,m,m,ih,1,147,437,1960,2596
H,m,m,ih,1,128,379,1942,2658
H,m,m,ih,1,111,397,1985,2615
H,m,m,ih,1,130,428,1999,2849
H,m,m,ih,1,133,434,1872,2543
H,m,m,ih,1,133,427,2140,2626
H,m,m,ih,1,149,440,2082,2767
H,m,m,ih,1,145,431,2071,2671
H,m,m,ih,1,143,437,1915,2687
H,m,m,ih,1,162,474,1956,2762
H,m,m,ih,1,111,433,2012,2708
H,m,m,ih,1,196,432,2494,3137
H,m,m,ih,1,131,396,1810,2504
H,m,m,ih,1,137,429,1962,2554
H,m,m,ih,1,136,416,2296,2995
H,m,m,ih,1,130,441,2068,2594
H,f,w,ih,1,246,496,2260,3027
H,f,w,ih,1,219,446,2444,2956
H,f,w,ih,1,188,486,2332,2925
H,f,w,ih,1,224,502,2391,3071
H,f,w,ih,1,238,497,2379,3074
H,f,w,ih,1,216,531,2174,2984
H,f,w,ih,1,192,535,2380,2930
H,f,w,ih,1,247,498,2654,3391
H,f,w,ih,1,253,500,2272,3028
H,f,w,ih,1,227,471,2277,2884
H,f,w,ih,1,207,453,2427,2932
H,f,w,ih,1,237,489,2603,3353
H,f,w,ih,1,233,555,2216,2812
H,f,w,ih,1,221,491,2316,2934
H,f,w,ih,1,234,485,2129,2967
H,f,w,ih,1,214,457,2590,3232
H,f,w,ih,1,221,474,2362,2830
H,f,w,ih,1,252,501,2355,3161
H,f,w,ih,1,213,449,2173,2840
H,f,w,ih,1,233,458,2143,2986
H,f,w,ih,1,187,440,2394,3136
H,f,w,ih,1,218,535,2134,2929
H,f,w,ih,1,256,516,2567,3485
H,f,w,ih,1,222,552,2453,3346
H,f,w,ih,1,223,455,2304,2999
H,f,w,ih,1,251,515,2378,3063
H,f,w,ih,1,238,504,2334,3063
H,f,w,ih,1,260,544,2570,3135
H,f,w,ih,1,250,501,2449,3185
H,f,w,ih,1,206,431,2190,3060
H,f,w,ih,1,215,478,2157,2793
H,f,w,ih,1,252,556,2541,3684
H,f,w,ih,1,231,486,2454,3106
H,f,w,ih,1,218,442,2472,3010
H,f,w,ih,1,225,486,2253,3212
H,f,w,ih,1,201,440,2453,3123
H,f,w,ih,1,231,477,2554,3296
H,f,w,ih,1,216,436,2559,3104
H,f,w,ih,1,205,501,2292,2863
H,f,w,ih,1,219,443,2644,3306
H,f,w,ih,1,236,489,2175,2990
H,f,w,ih,1,225,451,2247,2929
H,f,w,ih,1,213,442,2316,2899
H,f,w,ih,1,149,449,2492,3040
H,f,w,ih,1,221,444,2237,2711
H,f,w,ih,1,238,498,2234,2876
H,f,w,ih,1,225,463,2603,2991
H,f,w,ih,1,239,499,2384,3091
H,m,c,ih,1,263,551,2393,3324
H,m,c,ih,1,289,563,2608,3476
H,m,c,ih,1,228,571,2689,3572
H,m,c,ih,1,249,513,2447,3454
H,m,c,ih,1,226,479,2449,3200
H,m,c,ih,1,296,590,2354,3416
H,m,c,ih,1,215,447,2784,3287
H,m,c,ih,1,239,536,2319,3351
H,m,c,ih,1,209,529,2649,3280
H,m,c,ih,1,197,522,2387,3297
H,m,c,ih,1,262,548,2592,3485
H,m,c,ih,1,223,491,2409,3166
H,m,c,ih,1,221,470,2505,3377
H,m,c,ih,1,287,564,2515,3537
H,m,c,ih,1,198,562,2549,3101
H,m,c,ih,1,252,499,2230,3249
H,m,c,ih,1,264,535,2190,2998
H,m,c,ih,1,212,520,2695,3373
H,m,c,ih,1,257,506,2432,3008
H,m,c,ih,1,231,489,2544,3720
H,m,c,ih,1,276,559,2753,3502
H,m,c,ih,1,229,447,2645,3302
H,m,c,ih,1,212,479,2492,3187
H,m,c,ih,1,218,481,2567,3550
H,m,c,ih,1,230,551,2362,3354
H,m,c,ih,1,240,490,2449,3330
H,m,c,ih,1,243,503,2433,3150
H,f,c,ih,1,240,495,2574,3362
H,f,c,ih,1,258,557,2634,3691
H,f,c,ih,1,271,558,2427,3502
H,f,c,ih,1,219,441,2728,3285
H,f,c,ih,1,236,488,2623,3549
H,f,c,ih,1,252,506,2432,3262
H,f,c,ih,1,261,517,2619,3499
H,f,c,ih,1,264,515,2828,3627
H,f,c,ih,1,257,518,2870,3681
H,f,c,ih,1,226,499,2437,3758
H,f,c,ih,1,242,533,2762,3466
H,f,c,ih,1,257,508,2642,3494
H,f,c,ih,1,216,435,2623,3084
H,f,c,ih,1,244,497,2684,3546
H,f,c,ih,1,243,504,2408,3422
H,f,c,ih,1,212,557,2664,3468
H,f,c,ih,1,236,550,2625,3774
H,f,c,ih,1,234,489,2730,3763
H,f,c,ih,1,226,444,2846,3518
PB,m,m,eh,1,161,490,1870,2420
PB,m,m,eh,1,155,570,1700,2600
PB,m,m,eh,1,136,500,1760,2590
PB,m,m,eh,1,135,510,1710,2380
PB,m,m,eh,1,100,550,1810,2500
PB,m,m,eh,1,95,540,1810,2480
PB,m,m,eh,1,130,570,1780,2410
PB,m,m,eh,1,150,555,1890,2440
PB,m,m,eh,1,140,580,1910,2500
PB,m,m,eh,1,137,550,1770,2400
PB,m,m,eh,1,120,600,1860,2500
PB,m,m,eh,1,114,570,1830,2570
PB,m,m,eh,1,167,630,1900,2860
PB,m,m,eh,1,146,614,1840,2770
PB,m,m,eh,1,107,430,2100,2630
PB,m,m,eh,1,105,515,1760,2470
PB,m,m,eh,1,157,582,1725,2375
PB,m,m,eh,1,158,586,1800,2425
PB,m,m,eh,1,126,500,1870,2500
PB,m,m,eh,1,125,500,1775,2450
PB,m,m,eh,1,147,588,1790,2500
PB,m,m,eh,1,133,586,1725,2650
PB,m,m,eh,1,115,560,1650,2300
PB,m,m,eh,1,123,560,1720,2300
PB,m,m,eh,1,124,490,1740,2500
PB,m,m,eh,1,125,500,1780,2430
PB,m,m,eh,1,106,445,2020,2420
PB,m,m,eh,1,115,470,2020,2500
PB,m,m,eh,1,112,440,1980,2310
PB,m,m,eh,1,120,410,2050,2500
PB,m,m,eh,1,140,504,2090,2720
PB,m,m,eh,1,146,543,1980,2640
PB,m,m,eh,1,100,510,1780,2300
PB,m,m,eh,1,108,520,1730,2275
PB,m,m,eh,1,121,470,1910,2580
PB,m,m,eh,1,129,490,1930,2650
PB,m,m,eh,1,122,370,1680,2560
PB,m,m,eh,1,125,375,1700,2500
PB,m,m,eh,1,116,560,1670,2310
PB,m,m,eh,1,124,530,1700,2380
PB,m,m,eh,1,135,540,1900,2530
PB,m,m,eh,1,135,540,1920,2520
PB,m,m,eh,1,133,580,1870,2320
PB,m,m,eh,1,127,520,1900,2400
PB,m,m,eh,1,119,580,1770,2500
PB,m,m,eh,1,117,570,1750,2400
PB,m,m,eh,1,138,590,1900,2200
PB,m,m,eh,1,153,583,1840,2250
PB,m,m,eh,1,116,464,2100,2700
PB,m,m,eh,1,105,504,1995,2780
PB,m,m,eh,1,120,480,1920,2540
PB,m,m,eh,1,112,551,1788,2450
PB,m,m,eh,1,120,444,1800,2500
PB,m,m,eh,1,127,380,1800,2440
PB,m,m,eh,1,117,525,1800,2480
PB,m,m,eh,1,110,520,1750,2390
PB,m,m,eh,1,125,500,1980,2480
PB,m,m,eh,1,150,480,1950,2340
PB,m,m,eh,1,150,565,1950,2500
PB,m,m,eh,1,180,540,2000,2450
PB,m,m,eh,1,125,640,2000,2620
PB,m,m,eh,1,111,555,1870,2540
PB,m,m,eh,1,133,574,1840,2260
PB,m,m,eh,1,133,563,1960,2450
PB,m,m,eh,1,125,525,1988,2610
PB,m,m,eh,1,144,553,1935,2530
PB,f,w,eh,1,190,550,2200,2880
PB,f,w,eh,1,191,570,2100,3040
PB,f,w,eh,1,220,620,2300,3200
PB,f,w,eh,1,210,630,2300,3170
PB,f,w,eh,1,207,640,2120,2900
PB,f,w,eh,1,221,700,2000,2900
PB,f,w,eh,1,200,580,2180,2770
PB,f,w,eh,1,217,540,2160,2770
PB,f,w,eh,1,180,518,2470,3200
PB,f,w,eh,1,200,600,2400,3150
PB,f,w,eh,1,233,560,2330,2800
PB,f,w,eh,1,200,520,2500,3000
PB,f,w,eh,1,210,528,2540,3170
PB,f,w,eh,1,210,504,2520,3200
PB,f,w,eh,1,229,526,2360,3090
PB,f,w,eh,1,233,580,2360,3150
PB,f,w,eh,1,214,579,2570,3300
PB,f,w,eh,1,214,536,2570,3100
PB,f,w,eh,1,238,760,2380,3205
PB,f,w,eh,1,233,746,2290,3030
PB,f,w,eh,1,238,700,2380,3250
PB,f,w,eh,1,250,750,2480,3000
PB,f,w,eh,1,226,634,2325,2940
PB,f,w,eh,1,225,608,2475,3100
PB,f,w,eh,1,238,650,2495,3090
PB,f,w,eh,1,216,650,2380,3030
PB,f,w,eh,1,173,550,2370,3140
PB,f,w,eh,1,260,520,2340,3040
PB,f,w,eh,1,220,620,2520,2920
PB,f,w,eh,1,222,620,2440,2880
PB,f,w,eh,1,200,500,2350,2830
PB,f,w,eh,1,200,600,2200,2700
PB,f,w,eh,1,190,570,2100,2720
PB,f,w,eh,1,207,538,2175,2880
PB,f,w,eh,1,223,567,2460,3122
PB,f,w,eh,1,224,521,2460,2920
PB,f,w,eh,1,187,592,2242,2765
PB,f,w,eh,1,191,535,2290,2870
PB,f,w,eh,1,250,700,2350,2980
PB,f,w,eh,1,240,737,2325,3100
PB,f,w,eh,1,220,616,2380,2900
PB,f,w,eh,1,212,615,2300,2800
PB,f,w,eh,1,209,418,2430,3110
PB,f,w,eh,1,230,460,2300,3050
PB,f,w,eh,1,222,644,2250,3000
PB,f,w,eh,1,224,670,2300,2880
PB,f,w,eh,1,229,640,2400,2860
PB,f,w,eh,1,233,630,2530,3030
PB,f,w,eh,1,246,640,2220,2900
PB,f,w,eh,1,250,670,2250,2960
PB,f,w,eh,1,242,730,2300,3100
PB,f,w,eh,1,260,750,2340,3120
PB,f,w,eh,1,214,640,2360,3020
PB,f,w,eh,1,219,650,2430,3040
PB,f,w,eh,1,245,640,1980,2920
PB,f,w,eh,1,235,700,2110,2940
PB,f,c,eh,1,225,600,2750,3600
PB,f,c,eh,1,210,760,2500,3850
PB,f,c,eh,1,270,850,2900,3680
PB,f,c,eh,1,285,700,3120,3750
PB,m,c,eh,1,250,780,2450,3400
PB,m,c,eh,1,240,672,2550,3400
PB,f,c,eh,1,292,810,2640,4200
PB,f,c,eh,1,270,780,2720,4100
PB,f,c,eh,1,286,800,2300,3750
PB,f,c,eh,1,310,835,2420,3740
PB,f,c,eh,1,212,660,2900,3610
PB,f,c,eh,1,216,610,2760,3650
PB,f,c,eh,1,255,710,2550,3560
PB,f,c,eh,1,250,750,2480,3470
PB,m,c,eh,1,280,700,2500,3580
PB,m,c,eh,1,263,600,2360,3400
PB,m,c,eh,1,235,657,2300,3300
PB,m,c,eh,1,232,672,2275,3300
PB,m,c,eh,1,215,580,2650,3550
PB,m,c,eh,1,220,620,2660,3770
PB,m,c,eh,1,245,735,2450,3300
PB,m,c,eh,1,258,780,2560,3300
PB,f,c,eh,1,280,670,2790,3600
PB,f,c,eh,1,275,620,2750,3500
PB,m,c,eh,1,264,650,2880,3500
PB,m,c,eh,1,284,570,2900,3600
PB,m,c,eh,1,262,630,2520,3150
PB,m,c,eh,1,272,565,2440,3120
PB,f,c,eh,1,307,830,2750,3650
PB,f,c,eh,1,308,800,2640,3540
H,m,m,eh,1,171,609,1980,2678
H,m,m,eh,1,103,517,1917,2438
H,m,m,eh,1,95,559,1695,2413
H,m,m,eh,1,127,698,1580,2492
H,m,m,eh,1,115,555,1851,2624
H,m,m,eh,1,104,571,1926,2615
H,m,m,eh,1,126,582,1768,2463
H,m,m,eh,1,120,560,1697,2663
H,m,m,eh,1,154,594,1716,2678
H,m,m,eh,1,146,569,1709,2502
H,m,m,eh,1,99,577,1811,2559
H,m,m,eh,1,110,570,1824,2627
H,m,m,eh,1,144,546,1750,2509
H,m,m,eh,1,138,554,1790,2469
H,m,m,eh,1,131,608,1831,2694
H,m,m,eh,1,151,562,1816,2707
H,m,m,eh,1,137,583,1757,2852
H,m,m,eh,1,128,615,1624,2265
H,m,m,eh,1,122,630,1786,2637
H,m,m,eh,1,111,629,1810,2639
H,m,m,eh,1,119,624,1909,2773
H,m,m,eh,1,109,559,1755,2514
H,m,m,eh,1,114,609,1675,2495
H,m,m,eh,1,104,634,1874,2563
H,m,m,eh,1,128,636,1893,2765
H,m,m,eh,1,118,620,1832,2583
H,m,m,eh,1,98,565,1805,2608
H,m,m,eh,1,146,571,1752,2668
H,m,m,eh,1,149,608,1871,2572
H,m,m,eh,1,131,567,1718,2557
H,m,m,eh,1,121,541,1743,2563
H,m,m,eh,1,112,543,1840,2574
H,m,m,eh,1,114,579,1866,2799
H,m,m,eh,1,130,568,1687,2419
H,m,m,eh,1,135,583,1760,2497
H,m,m,eh,1,150,641,1814,2642
H,m,m,eh,1,138,623,1937,2643
H,m,m,eh,1,137,562,1591,2556
H,m,m,eh,1,161,622,1799,2726
H,m,m,eh,1,98,561,1786,2603
H,m,m,eh,1,187,723,2208,3057
H,m,m,eh,1,127,534,1608,2509
H,m,m,eh,1,124,574,1813,2476
H,m,m,eh,1,114,557,1996,2876
H,m,m,eh,1,115,565,1952,2619
H,f,w,eh,1,228,734,1893,2820
H,f,w,eh,1,197,740,2186,3086
H,f,w,eh,1,218,707,2110,3028
H,f,w,eh,1,216,693,1991,3121
H,f,w,eh,1,233,743,1981,2868
H,f,w,eh,1,211,712,1881,2777
H,f,w,eh,1,198,734,2141,2746
H,f,w,eh,1,244,732,2189,3366
H,f,w,eh,1,246,710,2138,2818
H,f,w,eh,1,227,704,2023,2927
H,f,w,eh,1,195,766,1922,2908
H,f,w,eh,1,210,673,2389,2989
H,f,w,eh,1,214,651,2157,2794
H,f,w,eh,1,226,817,2242,3139
H,f,w,eh,1,222,684,1992,2951
H,f,w,eh,1,197,756,2008,3089
H,f,w,eh,1,216,750,1935,2930
H,f,w,eh,1,238,706,1986,3228
H,f,w,eh,1,173,717,2256,2896
H,f,w,eh,1,233,727,1871,2902
H,f,w,eh,1,180,584,2175,2930
H,f,w,eh,1,210,762,1902,2887
H,f,w,eh,1,251,981,2075,3215
H,f,w,eh,1,211,794,2046,3082
H,f,w,eh,1,195,620,2071,2933
H,f,w,eh,1,244,741,1997,2567
H,f,w,eh,1,223,693,2012,3003
H,f,w,eh,1,203,597,2426,3018
H,f,w,eh,1,244,886,2186,2956
H,f,w,eh,1,214,588,2130,2870
H,f,w,eh,1,189,755,1762,2646
H,f,w,eh,1,236,885,2322,3652
H,f,w,eh,1,214,804,1998,2775
H,f,w,eh,1,202,718,2005,2906
H,f,w,eh,1,205,773,2042,3009
H,f,w,eh,1,191,694,2160,3144
H,f,w,eh,1,210,680,2068,3072
H,f,w,eh,1,193,694,2052,2838
H,f,w,eh,1,185,726,2123,2959
H,f,w,eh,1,217,714,2255,2941
H,f,w,eh,1,209,623,1882,3007
H,f,w,eh,1,221,718,1952,2817
H,f,w,eh,1,198,758,2091,2829
H,f,w,eh,1,168,676,2196,3124
H,f,w,eh,1,217,770,1866,2653
H,f,w,eh,1,213,683,1851,2877
H,f,w,eh,1,222,709,2088,2670
H,f,w,eh,1,219,817,1984,2973
H,m,c,eh,1,214,713,2095,3129
H,m,c,eh,1,284,674,2196,3047
H,m,c,eh,1,191,735,2315,3286
H,m,c,eh,1,245,735,2448,3359
H,m,c,eh,1,219,787,2176,3307
H,m,c,eh,1,297,867,2054,3227
H,m,c,eh,1,205,605,2445,3265
H,m,c,eh,1,238,699,2202,3393
H,m,c,eh,1,218,646,2435,3262
H,m,c,eh,1,214,794,2066,3160
H,m,c,eh,1,249,742,2355,3514
H,m,c,eh,1,227,640,2244,3086
H,m,c,eh,1,200,806,2172,3430
H,m,c,eh,1,279,734,2242,3601
H,m,c,eh,1,202,616,2356,3200
H,m,c,eh,1,241,749,1869,3107
H,m,c,eh,1,241,710,1993,3268
H,m,c,eh,1,203,632,2431,3091
H,m,c,eh,1,204,642,2015,2916
H,m,c,eh,1,242,699,2169,3243
H,m,c,eh,1,270,1057,2426,3441
H,m,c,eh,1,212,744,2227,2966
H,m,c,eh,1,232,692,2354,3179
H,m,c,eh,1,217,668,2106,3353
H,m,c,eh,1,231,699,2194,3317
H,m,c,eh,1,221,680,2187,3099
H,m,c,eh,1,231,856,2304,2916
H,f,c,eh,1,227,653,2241,3167
H,f,c,eh,1,188,928,2254,3612
H,f,c,eh,1,245,802,2427,3488
H,f,c,eh,1,226,809,2265,3309
H,f,c,eh,1,222,660,2223,3354
H,f,c,eh,1,230,649,2268,2827
H,f,c,eh,1,244,741,2418,3665
H,f,c,eh,1,238,763,2393,3241
H,f,c,eh,1,227,816,2404,3448
H,f,c,eh,1,226,793,2228,3560
H,f,c,eh,1,236,762,2349,3484
H,f,c,eh,1,263,759,2488,3502
H,f,c,eh,1,211,621,2275,3146
H,f,c,eh,1,226,880,2638,3567
H,f,c,eh,1,249,755,2137,3384
H,f,c,eh,1,205,533,2480,3378
H,f,c,eh,1,229,868,2318,3567
H,f,c,eh,1,228,882,2524,3555
H,f,c,eh,1,230,733,2421,3250
PB,m,m,ae,1,140,560,1820,2660
PB,m,m,ae,1,180,630,1700,2550
PB,m,m,ae,1,128,690,1610,2560
PB,m,m,ae,1,131,700,1690,2580
PB,m,m,ae,1,93,630,1710,2400
PB,m,m,ae,1,94,658,1755,2305
PB,m,m,ae,1,125,750,1610,2340
PB,m,m,ae,1,136,770,1580,2350
PB,m,m,ae,1,143,830,1720,2180
PB,m,m,ae,1,135,750,1690,2320
PB,m,m,ae,1,119,676,1670,2540
PB,m,m,ae,1,125,725,1687,2500
PB,m,m,ae,1,143,740,1800,2450
PB,m,m,ae,1,162,775,1810,2200
PB,m,m,ae,1,107,514,2060,2600
PB,m,m,ae,1,106,552,1820,2500
PB,m,m,ae,1,150,600,1750,2375
PB,m,m,ae,1,145,582,1775,2375
PB,m,m,ae,1,110,660,1650,2500
PB,m,m,ae,1,120,624,1700,2475
PB,m,m,ae,1,145,725,1700,2425
PB,m,m,ae,1,127,710,1650,2220
PB,m,m,ae,1,110,680,1720,2330
PB,m,m,ae,1,133,630,1680,2280
PB,m,m,ae,1,125,660,1630,2500
PB,m,m,ae,1,132,670,1630,2380
PB,m,m,ae,1,103,721,1680,2400
PB,m,m,ae,1,109,750,1710,2440
PB,m,m,ae,1,133,620,1710,2110
PB,m,m,ae,1,124,660,1800,2150
PB,m,m,ae,1,133,680,1958,2542
PB,m,m,ae,1,141,708,1840,2535
PB,m,m,ae,1,100,630,1770,2350
PB,m,m,ae,1,105,630,1642,2170
PB,m,m,ae,1,116,640,1620,2200
PB,m,m,ae,1,118,650,1580,2360
PB,m,m,ae,1,121,550,1570,2600
PB,m,m,ae,1,120,530,1610,2650
PB,m,m,ae,1,120,680,1470,2280
PB,m,m,ae,1,119,620,1580,2320
PB,m,m,ae,1,138,620,1800,2440
PB,m,m,ae,1,140,690,1820,2480
PB,m,m,ae,1,130,760,1920,2480
PB,m,m,ae,1,132,670,1850,2560
PB,m,m,ae,1,115,760,1580,2440
PB,m,m,ae,1,110,715,1500,2300
PB,m,m,ae,1,145,680,1850,2400
PB,m,m,ae,1,140,685,1780,2160
PB,m,m,ae,1,94,595,1900,2700
PB,m,m,ae,1,100,670,1860,2500
PB,m,m,ae,1,114,628,1837,2570
PB,m,m,ae,1,111,622,1890,2560
PB,m,m,ae,1,125,688,1600,2300
PB,m,m,ae,1,122,660,1570,2380
PB,m,m,ae,1,111,660,1600,2400
PB,m,m,ae,1,120,720,1680,2430
PB,m,m,ae,1,116,640,1710,2450
PB,m,m,ae,1,123,615,1720,2220
PB,m,m,ae,1,143,600,2000,2570
PB,m,m,ae,1,138,590,1950,2460
PB,m,m,ae,1,112,697,1610,2540
PB,m,m,ae,1,114,684,1634,2510
PB,m,m,ae,1,125,650,1738,2400
PB,m,m,ae,1,130,663,1820,2400
PB,m,m,ae,1,133,640,1773,2490
PB,m,m,ae,1,133,640,1840,2560
PB,f,w,ae,1,200,800,1980,2810
PB,f,w,ae,1,192,860,1920,2850
PB,f,w,ae,1,220,820,2180,2850
PB,f,w,ae,1,195,740,2120,3070
PB,f,w,ae,1,212,1000,1830,2820
PB,f,w,ae,1,204,980,1800,2820
PB,f,w,ae,1,200,820,1970,2620
PB,f,w,ae,1,210,840,2000,2700
PB,f,w,ae,1,171,773,2000,2870
PB,f,w,ae,1,175,875,2100,2970
PB,f,w,ae,1,171,806,1970,2600
PB,f,w,ae,1,150,825,1860,2550
PB,f,w,ae,1,187,940,2250,2760
PB,f,w,ae,1,200,820,2200,2920
PB,f,w,ae,1,230,690,2185,2990
PB,f,w,ae,1,220,660,2200,3020
PB,f,w,ae,1,205,823,2220,2870
PB,f,w,ae,1,200,800,2100,2900
PB,f,w,ae,1,206,1008,1990,2870
PB,f,w,ae,1,200,1040,2000,2800
PB,f,w,ae,1,237,1020,1900,2960
PB,f,w,ae,1,233,1005,2050,2870
PB,f,w,ae,1,210,1010,2060,2900
PB,f,w,ae,1,200,980,2160,2920
PB,f,w,ae,1,225,1020,2030,2700
PB,f,w,ae,1,225,1000,2200,2770
PB,f,w,ae,1,167,790,2180,3020
PB,f,w,ae,1,280,840,2160,3020
PB,f,w,ae,1,222,1110,2160,2700
PB,f,w,ae,1,214,1070,1960,2750
PB,f,w,ae,1,192,845,1700,2300
PB,f,w,ae,1,187,860,1724,2530
PB,f,w,ae,1,189,850,1853,2685
PB,f,w,ae,1,193,830,1800,2620
PB,f,w,ae,1,218,808,2070,2880
PB,f,w,ae,1,203,678,2420,3080
PB,f,w,ae,1,188,750,2060,2770
PB,f,w,ae,1,162,650,2110,2618
PB,f,w,ae,1,200,960,2100,3000
PB,f,w,ae,1,217,1030,2200,3260
PB,f,w,ae,1,212,710,2120,2600
PB,f,w,ae,1,210,690,2250,2680
PB,f,w,ae,1,187,861,2100,2800
PB,f,w,ae,1,224,896,2040,3000
PB,f,w,ae,1,224,784,1800,2750
PB,f,w,ae,1,234,820,1750,2890
PB,f,w,ae,1,233,700,2560,3150
PB,f,w,ae,1,225,675,2510,3145
PB,f,w,ae,1,243,950,1970,2890
PB,f,w,ae,1,244,980,1950,2920
PB,f,w,ae,1,233,860,2070,2880
PB,f,w,ae,1,240,890,1920,2710
PB,f,w,ae,1,205,900,2090,3000
PB,f,w,ae,1,200,860,2160,2870
PB,f,w,ae,1,194,810,1860,2620
PB,f,w,ae,1,234,890,1800,2700
PB,f,c,ae,1,200,1000,2300,3900
PB,f,c,ae,1,200,800,2500,4050
PB,f,c,ae,1,256,1130,2560,3500
PB,f,c,ae,1,285,1140,2000,3560
PB,m,c,ae,1,240,660,2900,3370
PB,m,c,ae,1,215,760,2850,3300
PB,f,c,ae,1,270,1080,2480,3950
PB,f,c,ae,1,245,1050,2420,4000
PB,f,c,ae,1,282,950,2150,3650
PB,f,c,ae,1,310,1000,2150,3700
PB,f,c,ae,1,214,1240,2700,3640
PB,f,c,ae,1,215,1050,2550,3550
PB,f,c,ae,1,233,1140,2260,3640
PB,f,c,ae,1,245,1110,2230,3380
PB,m,c,ae,1,260,970,2400,3200
PB,m,c,ae,1,250,950,2270,3200
PB,m,c,ae,1,231,808,1950,3300
PB,m,c,ae,1,225,870,2000,3200
PB,m,c,ae,1,240,910,2370,3160
PB,m,c,ae,1,233,930,2350,3450
PB,m,c,ae,1,235,940,2020,2580
PB,m,c,ae,1,232,1070,2320,2900
PB,f,c,ae,1,262,1070,2380,3100
PB,f,c,ae,1,275,1130,2320,3110
PB,m,c,ae,1,260,1300,2280,3130
PB,m,c,ae,1,260,1300,2160,3300
PB,m,c,ae,1,262,970,2030,2880
PB,m,c,ae,1,275,915,2130,2900
PB,f,c,ae,1,294,1140,2450,3230
PB,f,c,ae,1,239,1130,2550,3150
H,m,m,ae,1,174,663,2012,2659
H,m,m,ae,1,102,628,1871,2477
H,m,m,ae,1,99,605,1812,2570
H,m,m,ae,1,124,627,1910,2488
H,m,m,ae,1,115,647,1864,2561
H,m,m,ae,1,96,582,1999,2567
H,m,m,ae,1,122,602,1880,2539
H,m,m,ae,1,120,545,1872,2630
H,m,m,ae,1,153,552,2027,2737
H,m,m,ae,1,136,629,1871,2574
H,m,m,ae,1,100,685,1807,2611
H,m,m,ae,1,106,559,1983,2560
H,m,m,ae,1,138,544,1819,2511
H,m,m,ae,1,135,685,1592,2308
H,m,m,ae,1,133,514,2031,2815
H,m,m,ae,1,149,612,1937,2605
H,m,m,ae,1,140,544,2114,2971
H,m,m,ae,1,108,556,1854,2679
H,m,m,ae,1,119,619,2023,2716
H,m,m,ae,1,112,601,1997,2499
H,m,m,ae,1,120,572,2072,2648
H,m,m,ae,1,115,546,1820,2548
H,m,m,ae,1,120,562,1895,2513
H,m,m,ae,1,105,594,2000,2550
H,m,m,ae,1,131,662,1934,2649
H,m,m,ae,1,114,566,2041,2500
H,m,m,ae,1,96,559,1873,2509
H,m,m,ae,1,143,579,1982,2639
H,m,m,ae,1,149,623,1937,2526
H,m,m,ae,1,136,555,1996,2609
H,m,m,ae,1,129,555,1849,2502
H,m,m,ae,1,110,634,1730,2456
H,m,m,ae,1,121,570,1856,2630
H,m,m,ae,1,130,614,1768,2393
H,m,m,ae,1,131,553,2140,2327
H,m,m,ae,1,153,605,2002,2666
H,m,m,ae,1,140,597,1989,2677
H,m,m,ae,1,139,561,1772,2597
H,m,m,ae,1,128,615,1885,2709
H,m,m,ae,1,98,577,1952,2588
H,m,m,ae,1,187,629,2436,3022
H,m,m,ae,1,129,511,1811,2529
H,m,m,ae,1,119,590,1830,2512
H,m,m,ae,1,123,622,1957,2841
H,m,m,ae,1,116,565,2055,2575
H,f,w,ae,1,225,678,2293,2861
H,f,w,ae,1,214,624,2442,3091
H,f,w,ae,1,192,666,2370,2814
H,f,w,ae,1,233,743,2230,3055
H,f,w,ae,1,223,677,2320,2987
H,f,w,ae,1,223,627,2266,2875
H,f,w,ae,1,176,690,2327,2771
H,f,w,ae,1,238,658,2650,3471
H,f,w,ae,1,251,685,2299,2930
H,f,w,ae,1,227,621,2249,2873
H,f,w,ae,1,188,868,2004,2797
H,f,w,ae,1,229,682,2486,3207
H,f,w,ae,1,237,668,2252,2790
H,f,w,ae,1,214,726,2350,2996
H,f,w,ae,1,226,620,2316,2849
H,f,w,ae,1,202,634,2596,3255
H,f,w,ae,1,212,672,2145,2764
H,f,w,ae,1,237,698,2339,3075
H,f,w,ae,1,187,586,2299,2748
H,f,w,ae,1,217,616,2156,2865
H,f,w,ae,1,186,576,2429,3101
H,f,w,ae,1,213,674,2256,2818
H,f,w,ae,1,248,738,2378,3305
H,f,w,ae,1,220,646,2406,3283
H,f,w,ae,1,168,746,1944,2927
H,f,w,ae,1,246,734,2518,3176
H,f,w,ae,1,225,662,2276,2955
H,f,w,ae,1,238,696,2447,3122
H,f,w,ae,1,238,687,2378,2913
H,f,w,ae,1,205,645,2154,3139
H,f,w,ae,1,208,626,2374,2836
H,f,w,ae,1,235,689,2701,3490
H,f,w,ae,1,218,557,2586,3202
H,f,w,ae,1,211,668,2296,2711
H,f,w,ae,1,200,746,2371,2984
H,f,w,ae,1,192,893,2070,3024
H,f,w,ae,1,219,665,2408,3034
H,f,w,ae,1,197,714,2254,2625
H,f,w,ae,1,216,625,2594,3146
H,f,w,ae,1,222,552,2227,2978
H,f,w,ae,1,230,685,2205,2813
H,f,w,ae,1,208,657,2192,2654
H,f,w,ae,1,156,649,2508,3050
H,f,w,ae,1,211,817,2102,2711
H,f,w,ae,1,210,626,2331,2826
H,f,w,ae,1,209,706,2400,2923
H,f,w,ae,1,209,751,2432,2896
H,m,c,ae,1,238,630,2423,3166
H,m,c,ae,1,286,829,2495,3218
H,m,c,ae,1,214,631,2801,3508
H,m,c,ae,1,239,712,2608,3247
H,m,c,ae,1,200,748,2589,3042
H,m,c,ae,1,262,769,2203,3126
H,m,c,ae,1,216,870,2281,3077
H,m,c,ae,1,220,709,2565,3526
H,m,c,ae,1,205,634,2555,3121
H,m,c,ae,1,209,630,2509,3112
H,m,c,ae,1,252,736,2505,3332
H,m,c,ae,1,216,634,2535,3260
H,m,c,ae,1,198,697,2418,3371
H,m,c,ae,1,272,607,2620,3350
H,m,c,ae,1,187,753,2227,3064
H,m,c,ae,1,246,726,2231,2932
H,m,c,ae,1,249,741,2444,3043
H,m,c,ae,1,209,674,2663,3243
H,m,c,ae,1,205,769,2234,2910
H,m,c,ae,1,229,678,2524,3418
H,m,c,ae,1,267,809,2592,3331
H,m,c,ae,1,220,643,2434,3326
H,m,c,ae,1,211,634,2410,3303
H,m,c,ae,1,227,676,2253,3121
H,m,c,ae,1,212,860,2503,3002
H,f,c,ae,1,242,741,2433,3341
H,f,c,ae,1,196,729,2878,3792
H,f,c,ae,1,255,932,2523,3644
H,f,c,ae,1,227,682,2638,3510
H,f,c,ae,1,222,799,2397,3125
H,f,c,ae,1,242,722,2418,3017
H,f,c,ae,1,266,695,2704,3731
H,f,c,ae,1,265,758,2373,3327
H,f,c,ae,1,237,946,2540,3229
H,f,c,ae,1,230,648,2334,2834
H,f,c,ae,1,240,730,2668,3564
H,f,c,ae,1,194,717,2313,3150
H,f,c,ae,1,226,888,2605,3651
H,f,c,ae,1,208,727,2394,3320
H,f,c,ae,1,248,747,2703,3829
H,f,c,ae,1,227,672,2484,3492
H,f,c,ae,1,227,555,2569,3424
PB,m,m,ah,1,144,590,1250,2620
PB,m,m,ah,1,148,620,1300,2530
PB,m,m,ah,1,140,650,1080,2420
PB,m,m,ah,1,125,625,1060,2490
PB,m,m,ah,1,100,600,1200,2320
PB,m,m,ah,1,105,612,1160,2350
PB,m,m,ah,1,132,660,1200,2330
PB,m,m,ah,1,150,675,1140,2380
PB,m,m,ah,1,136,630,1300,1950
PB,m,m,ah,1,130,650,1170,2000
PB,m,m,ah,1,118,680,1150,2560
PB,m,m,ah,1,125,726,1270,2560
PB,m,m,ah,1,167,620,1240,2410
PB,m,m,ah,1,160,640,1250,2400
PB,m,m,ah,1,108,640,1300,2300
PB,m,m,ah,1,104,624,1350,2410
PB,m,m,ah,1,145,626,1125,2200
PB,m,m,ah,1,160,641,1120,2225
PB,m,m,ah,1,122,650,1220,2550
PB,m,m,ah,1,120,672,1260,2500
PB,m,m,ah,1,136,586,1078,2300
PB,m,m,ah,1,136,627,1038,2360
PB,m,m,ah,1,110,560,1430,2250
PB,m,m,ah,1,120,560,1390,2240
PB,m,m,ah,1,140,600,1220,2530
PB,m,m,ah,1,125,600,1210,2430
PB,m,m,ah,1,104,552,1122,2500
PB,m,m,ah,1,115,580,1150,2600
PB,m,m,ah,1,120,660,1000,2380
PB,m,m,ah,1,110,660,960,2450
PB,m,m,ah,1,150,675,1320,2550
PB,m,m,ah,1,150,704,1393,2550
PB,m,m,ah,1,103,601,1273,2130
PB,m,m,ah,1,105,590,1283,2150
PB,m,m,ah,1,121,610,1100,2230
PB,m,m,ah,1,126,620,1120,2330
PB,m,m,ah,1,118,570,1050,2500
PB,m,m,ah,1,125,590,1100,2480
PB,m,m,ah,1,120,620,1100,2390
PB,m,m,ah,1,125,640,1110,2370
PB,m,m,ah,1,150,630,1200,2600
PB,m,m,ah,1,140,680,1290,2600
PB,m,m,ah,1,139,810,1110,2100
PB,m,m,ah,1,131,770,1150,2100
PB,m,m,ah,1,124,620,880,2500
PB,m,m,ah,1,124,650,1000,2520
PB,m,m,ah,1,143,660,1370,2110
PB,m,m,ah,1,145,680,1300,2100
PB,m,m,ah,1,96,620,1200,2420
PB,m,m,ah,1,105,630,1127,2420
PB,m,m,ah,1,114,628,1254,2470
PB,m,m,ah,1,114,617,1255,2480
PB,m,m,ah,1,128,565,1157,2310
PB,m,m,ah,1,130,550,1150,2250
PB,m,m,ah,1,117,600,1250,2300
PB,m,m,ah,1,125,575,1170,2240
PB,m,m,ah,1,116,583,1110,2360
PB,m,m,ah,1,117,608,1120,2700
PB,m,m,ah,1,157,630,1140,2200
PB,m,m,ah,1,186,630,1170,2280
PB,m,m,ah,1,115,633,1260,2530
PB,m,m,ah,1,120,660,1213,2460
PB,m,m,ah,1,137,600,1370,2180
PB,m,m,ah,1,125,625,1312,2250
PB,m,m,ah,1,143,672,1272,2640
PB,m,m,ah,1,146,658,1241,2560
PB,f,w,ah,1,227,635,1200,3250
PB,f,w,ah,1,200,700,1200,3100
PB,f,w,ah,1,240,800,1300,2900
PB,f,w,ah,1,225,760,1400,2830
PB,f,w,ah,1,205,780,1410,2720
PB,f,w,ah,1,208,710,1450,2750
PB,f,w,ah,1,208,690,1200,2900
PB,f,w,ah,1,201,666,1206,2900
PB,f,w,ah,1,183,733,1468,2700
PB,f,w,ah,1,200,740,1280,2900
PB,f,w,ah,1,186,708,1485,2760
PB,f,w,ah,1,188,676,1500,2590
PB,f,w,ah,1,204,816,1450,2700
PB,f,w,ah,1,214,858,1500,2700
PB,f,w,ah,1,225,675,1551,2923
PB,f,w,ah,1,233,690,1630,2900
PB,f,w,ah,1,250,750,1500,2750
PB,f,w,ah,1,217,738,1300,2820
PB,f,w,ah,1,220,830,1540,2860
PB,f,w,ah,1,237,900,1510,2840
PB,f,w,ah,1,263,750,1500,2850
PB,f,w,ah,1,250,850,1400,2750
PB,f,w,ah,1,217,818,1450,2500
PB,f,w,ah,1,200,750,1280,2650
PB,f,w,ah,1,225,788,1462,2920
PB,f,w,ah,1,217,736,1500,2900
PB,f,w,ah,1,280,840,1400,2750
PB,f,w,ah,1,270,760,1330,2950
PB,f,w,ah,1,217,820,1240,2600
PB,f,w,ah,1,216,860,1300,2670
PB,f,w,ah,1,200,720,1440,2380
PB,f,w,ah,1,191,707,1470,2440
PB,f,w,ah,1,200,720,1500,2560
PB,f,w,ah,1,200,800,1400,2420
PB,f,w,ah,1,200,800,1340,2700
PB,f,w,ah,1,214,772,1280,2660
PB,f,w,ah,1,187,618,1518,2700
PB,f,w,ah,1,183,624,1430,2660
PB,f,w,ah,1,275,920,1512,2950
PB,f,w,ah,1,260,910,1688,3050
PB,f,w,ah,1,221,800,1520,2380
PB,f,w,ah,1,210,780,1470,2400
PB,f,w,ah,1,218,654,1160,2800
PB,f,w,ah,1,230,690,1195,2770
PB,f,w,ah,1,225,765,1300,2700
PB,f,w,ah,1,221,730,1390,2790
PB,f,w,ah,1,240,768,1440,2855
PB,f,w,ah,1,234,794,1447,2920
PB,f,w,ah,1,251,750,1280,2760
PB,f,w,ah,1,258,770,1340,2800
PB,f,w,ah,1,257,770,1540,2840
PB,f,w,ah,1,257,800,1410,2860
PB,f,w,ah,1,214,750,1540,2800
PB,f,w,ah,1,214,770,1530,2780
PB,f,w,ah,1,230,710,1340,2780
PB,f,w,ah,1,245,740,1470,2940
PB,f,c,ah,1,200,1000,1750,3550
PB,f,c,ah,1,223,1110,1690,4040
PB,f,c,ah,1,310,1130,1740,3670
PB,f,c,ah,1,300,1000,1800,3450
PB,m,c,ah,1,250,880,1500,3200
PB,m,c,ah,1,243,850,1700,3250
PB,f,c,ah,1,286,970,1600,3950
PB,f,c,ah,1,250,800,1680,3800
PB,f,c,ah,1,293,880,1700,3750
PB,f,c,ah,1,340,900,1600,3650
PB,f,c,ah,1,216,820,1470,3500
PB,f,c,ah,1,211,970,1410,3200
PB,f,c,ah,1,256,770,1540,3500
PB,f,c,ah,1,257,800,1490,3300
PB,m,c,ah,1,270,780,1650,3350
PB,m,c,ah,1,250,720,1500,3240
PB,m,c,ah,1,236,706,1410,3200
PB,m,c,ah,1,211,720,1480,2880
PB,m,c,ah,1,250,770,1650,3420
PB,m,c,ah,1,230,690,1600,3350
PB,m,c,ah,1,268,860,1530,3100
PB,m,c,ah,1,256,970,1500,3050
PB,f,c,ah,1,290,700,1730,2960
PB,f,c,ah,1,270,725,1570,2900
PB,m,c,ah,1,275,850,1540,3020
PB,m,c,ah,1,262,840,1580,2880
PB,m,c,ah,1,270,810,1600,3230
PB,m,c,ah,1,280,760,1530,3180
PB,f,c,ah,1,310,930,1540,3120
PB,f,c,ah,1,315,950,1670,3150
H,m,m,ah,1,159,813,1283,2687
H,m,m,ah,1,101,749,1060,2842
H,m,m,ah,1,97,755,1133,2695
H,m,m,ah,1,127,832,1222,2624
H,m,m,ah,1,112,871,1204,2595
H,m,m,ah,1,98,786,1341,2403
H,m,m,ah,1,115,748,1293,2446
H,m,m,ah,1,122,738,1394,2522
H,m,m,ah,1,152,763,1147,2840
H,m,m,ah,1,148,829,1444,2241
H,m,m,ah,1,104,825,1429,2701
H,m,m,ah,1,100,737,1298,2323
H,m,m,ah,1,145,679,1208,2630
H,m,m,ah,1,132,689,1064,2303
H,m,m,ah,1,135,702,1364,2498
H,m,m,ah,1,148,811,1355,2599
H,m,m,ah,1,135,744,1489,2586
H,m,m,ah,1,114,758,1363,2421
H,m,m,ah,1,115,784,1345,2522
H,m,m,ah,1,107,802,1297,2765
H,m,m,ah,1,131,803,1234,2430
H,m,m,ah,1,116,683,1238,2428
H,m,m,ah,1,124,697,1370,2597
H,m,m,ah,1,106,743,1423,2494
H,m,m,ah,1,173,710,1084,2753
H,m,m,ah,1,123,825,1438,2434
H,m,m,ah,1,101,673,1301,2433
H,m,m,ah,1,160,707,1421,2403
H,m,m,ah,1,146,697,1293,2461
H,m,m,ah,1,135,816,1361,2493
H,m,m,ah,1,115,722,1411,2264
H,m,m,ah,1,109,748,1274,2406
H,m,m,ah,1,116,744,1388,2541
H,m,m,ah,1,127,700,1295,2310
H,m,m,ah,1,148,705,1323,2643
H,m,m,ah,1,139,963,1524,2552
H,m,m,ah,1,126,711,1428,2413
H,m,m,ah,1,138,712,1325,2624
H,m,m,ah,1,140,821,1283,2498
H,m,m,ah,1,101,822,1315,2708
H,m,m,ah,1,180,753,1200,2677
H,m,m,ah,1,120,662,1183,2374
H,m,m,ah,1,122,682,1259,2618
H,m,m,ah,1,124,818,1315,2697
H,m,m,ah,1,110,710,1483,2575
H,f,w,ah,1,211,1012,1603,2767
H,f,w,ah,1,209,883,1682,2962
H,f,w,ah,1,192,1025,1548,2748
H,f,w,ah,1,216,804,1484,2789
H,f,w,ah,1,226,935,1377,2598
H,f,w,ah,1,211,804,1363,2803
H,f,w,ah,1,173,939,1233,2564
H,f,w,ah,1,243,827,1701,3056
H,f,w,ah,1,240,913,1436,2589
H,f,w,ah,1,223,856,1540,2667
H,f,w,ah,1,191,882,1380,2834
H,f,w,ah,1,216,887,1743,2557
H,f,w,ah,1,226,869,1495,2731
H,f,w,ah,1,211,994,1609,2930
H,f,w,ah,1,226,955,1615,2678
H,f,w,ah,1,189,1085,1687,2870
H,f,w,ah,1,205,937,1623,2844
H,f,w,ah,1,239,918,1640,2801
H,f,w,ah,1,193,818,1351,2933
H,f,w,ah,1,216,769,1451,2898
H,f,w,ah,1,178,1008,1495,3018
H,f,w,ah,1,207,905,1514,2848
H,f,w,ah,1,259,1063,1680,2785
H,f,w,ah,1,212,1053,1677,2868
H,f,w,ah,1,170,798,1351,2851
H,f,w,ah,1,250,869,1751,2762
H,f,w,ah,1,235,863,1538,3038
H,f,w,ah,1,248,938,1462,2825
H,f,w,ah,1,232,957,1591,2733
H,f,w,ah,1,202,827,1543,2980
H,f,w,ah,1,213,708,1547,2426
H,f,w,ah,1,241,1163,1685,3250
H,f,w,ah,1,211,1011,1541,2803
H,f,w,ah,1,201,1035,1486,2865
H,f,w,ah,1,208,952,1676,2862
H,f,w,ah,1,175,810,1314,3236
H,f,w,ah,1,217,993,1671,2751
H,f,w,ah,1,212,931,1348,2698
H,f,w,ah,1,198,822,1371,3130
H,f,w,ah,1,200,875,1491,2979
H,f,w,ah,1,226,884,1568,2819
H,f,w,ah,1,212,938,1492,2673
H,f,w,ah,1,195,914,1383,2854
H,f,w,ah,1,150,901,1509,2670
H,f,w,ah,1,207,975,1534,2658
H,f,w,ah,1,218,796,1502,2810
H,f,w,ah,1,234,968,1433,2850
H,m,c,ah,1,241,831,1676,2602
H,m,c,ah,1,276,1020,1555,2742
H,m,c,ah,1,214,982,1823,2865
H,m,c,ah,1,250,932,1874,2994
H,m,c,ah,1,227,1052,1659,3433
H,m,c,ah,1,308,881,1543,3076
H,m,c,ah,1,202,762,1604,2991
H,m,c,ah,1,230,987,1610,3010
H,m,c,ah,1,209,1123,1640,2684
H,m,c,ah,1,203,832,1602,2551
H,m,c,ah,1,258,968,1808,3600
H,m,c,ah,1,211,933,1694,2860
H,m,c,ah,1,201,998,1560,2745
H,m,c,ah,1,287,871,2042,3410
H,m,c,ah,1,245,898,1544,2862
H,m,c,ah,1,254,1010,1705,2753
H,m,c,ah,1,218,951,1982,2807
H,m,c,ah,1,226,1010,1604,2588
H,m,c,ah,1,263,854,1518,2988
H,m,c,ah,1,277,1119,1588,3010
H,m,c,ah,1,220,872,1565,2531
H,m,c,ah,1,210,776,1490,2730
H,m,c,ah,1,223,1147,1553,2877
H,m,c,ah,1,221,1065,1483,2723
H,m,c,ah,1,227,944,1540,2896
H,f,c,ah,1,238,894,1420,2828
H,f,c,ah,1,208,1312,1820,3308
H,f,c,ah,1,246,1007,1742,2982
H,f,c,ah,1,204,978,1817,2843
H,f,c,ah,1,225,1026,1544,2536
H,f,c,ah,1,227,843,1803,2562
H,f,c,ah,1,249,993,2000,3174
H,f,c,ah,1,245,1197,1734,3187
H,f,c,ah,1,218,855,1845,3055
H,f,c,ah,1,240,1047,1488,2879
H,f,c,ah,1,200,1154,1932,3044
H,f,c,ah,1,241,931,1749,3205
H,f,c,ah,1,189,954,1472,2844
H,f,c,ah,1,233,1316,1752,3113
H,f,c,ah,1,248,911,1624,3230
H,f,c,ah,1,214,1033,1929,3428
H,f,c,ah,1,235,1129,2005,2826
H,f,c,ah,1,234,1145,1655,3062
H,f,c,ah,1,215,1021,1720,3186
PB,m,m,aa,0,148,740,1070,2490
PB,m,m,aa,0,170,800,1060,2640
PB,m,m,aa,0,140,650,1040,2450
PB,m,m,aa,0,136,670,1100,2430
PB,m,m,aa,0,91,640,1080,2140
PB,m,m,aa,0,94,720,1090,2230
PB,m,m,aa,0,125,750,1100,2550
PB,m,m,aa,0,138,800,1120,2500
PB,m,m,aa,0,131,760,1220,2140
PB,m,m,aa,0,126,720,1260,2020
PB,m,m,aa,0,125,740,1100,2680
PB,m,m,aa,0,113,670,960,2650
PB,m,m,aa,0,162,650,970,2580
PB,m,m,aa,0,163,650,980,2350
PB,m,m,aa,0,111,714,1170,2420
PB,m,m,aa,0,97,650,1150,2350
PB,m,m,aa,0,144,708,1054,2420
PB,m,m,aa,0,150,705,1050,2375
PB,m,m,aa,0,114,750,1080,2680
PB,m,m,aa,0,114,777,1026,2625
PB,m,m,aa,0,145,725,1046,2325
PB,m,m,aa,0,131,746,1018,2300
PB,m,m,aa,0,108,800,1330,2260
PB,m,m,aa,0,110,740,1240,2280
PB,m,m,aa,0,125,680,1120,2630
PB,m,m,aa,0,128,670,1100,2700
PB,m,m,aa,0,98,686,1078,2570
PB,m,m,aa,0,103,700,1050,2680
PB,m,m,aa,0,122,600,830,2250
PB,m,m,aa,0,119,620,820,2400
PB,m,m,aa,0,137,825,1168,2750
PB,m,m,aa,0,135,840,1210,2680
PB,m,m,aa,0,100,750,1150,2440
PB,m,m,aa,0,95,703,1092,2320
PB,m,m,aa,0,118,700,1100,2240
PB,m,m,aa,0,120,670,1100,2220
PB,m,m,aa,0,112,640,970,2870
PB,m,m,aa,0,122,670,980,2900
PB,m,m,aa,0,115,630,980,2330
PB,m,m,aa,0,121,670,940,2380
PB,m,m,aa,0,145,740,1110,2500
PB,m,m,aa,0,143,700,1060,2720
PB,m,m,aa,0,141,700,1040,2120
PB,m,m,aa,0,125,750,1160,2080
PB,m,m,aa,0,119,710,950,2520
PB,m,m,aa,0,120,690,960,2520
PB,m,m,aa,0,140,760,1260,2120
PB,m,m,aa,0,135,770,1140,2020
PB,m,m,aa,0,100,750,1160,2360
PB,m,m,aa,0,96,740,1155,2330
PB,m,m,aa,0,117,690,1072,2660
PB,m,m,aa,0,103,630,1000,2530
PB,m,m,aa,0,125,712,1024,2250
PB,m,m,aa,0,125,670,1080,2300
PB,m,m,aa,0,111,730,1160,2340
PB,m,m,aa,0,117,860,1280,2470
PB,m,m,aa,0,111,777,1170,2600
PB,m,m,aa,0,114,750,1175,2820
PB,m,m,aa,0,146,730,1048,2450
PB,m,m,aa,0,155,730,1130,2320
PB,m,m,aa,0,112,730,1203,2700
PB,m,m,aa,0,107,752,1125,2620
PB,m,m,aa,0,133,735,1070,2100
PB,m,m,aa,0,117,713,1180,2200
PB,m,m,aa,0,130,780,1170,2640
PB,m,m,aa,0,131,788,1115,2645
PB,f,w,aa,0,210,880,1240,2870
PB,f,w,aa,0,188,830,1200,2880
PB,f,w,aa,0,214,850,1120,2620
PB,f,w,aa,0,190,880,1220,2850
PB,f,w,aa,0,205,950,1280,2600
PB,f,w,aa,0,210,870,1260,2740
PB,f,w,aa,0,200,800,1200,2920
PB,f,w,aa,0,190,760,1140,2850
PB,f,w,aa,0,178,730,1210,2740
PB,f,w,aa,0,175,735,1220,2850
PB,f,w,aa,0,200,800,1200,2800
PB,f,w,aa,0,205,714,1154,2850
PB,f,w,aa,0,200,960,1280,3000
PB,f,w,aa,0,180,1040,1300,3000
PB,f,w,aa,0,222,845,1334,2890
PB,f,w,aa,0,233,888,1290,2800
PB,f,w,aa,0,200,840,1300,3100
PB,f,w,aa,0,206,990,1340,3100
PB,f,w,aa,0,206,970,1343,3018
PB,f,w,aa,0,236,592,1230,2600
PB,f,w,aa,0,258,978,1290,2840
PB,f,w,aa,0,246,935,1230,2730
PB,f,w,aa,0,220,820,1200,2640
PB,f,w,aa,0,210,900,1120,2900
PB,f,w,aa,0,214,987,1330,2830
PB,f,w,aa,0,214,1009,1415,3080
PB,f,w,aa,0,252,900,1290,2750
PB,f,w,aa,0,260,900,1240,3110
PB,f,w,aa,0,150,840,1110,2930
PB,f,w,aa,0,170,850,1120,2850
PB,f,w,aa,0,200,700,1080,2420
PB,f,w,aa,0,192,767,1150,2590
PB,f,w,aa,0,194,915,1280,2530
PB,f,w,aa,0,206,723,1196,2600
PB,f,w,aa,0,183,843,1190,2860
PB,f,w,aa,0,205,740,1160,2780
PB,f,w,aa,0,163,766,1180,2340
PB,f,w,aa,0,167,750,1065,2640
PB,f,w,aa,0,275,990,1237,2360
PB,f,w,aa,0,267,987,1172,3180
PB,f,w,aa,0,199,995,1392,2290
PB,f,w,aa,0,200,1000,1400,2440
PB,f,w,aa,0,208,860,1103,2700
PB,f,w,aa,0,212,806,1060,2850
PB,f,w,aa,0,225,834,1282,2800
PB,f,w,aa,0,212,850,1270,2760
PB,f,w,aa,0,227,978,1362,2724
PB,f,w,aa,0,233,933,1350,2610
PB,f,w,aa,0,250,950,1130,3160
PB,f,w,aa,0,256,850,1150,2940
PB,f,w,aa,0,240,790,1250,3080
PB,f,w,aa,0,241,820,1210,2960
PB,f,w,aa,0,195,920,1350,2550
PB,f,w,aa,0,210,920,1470,2690
PB,f,w,aa,0,225,830,1020,2650
PB,f,w,aa,0,219,830,1095,2610
PB,f,c,aa,0,205,1220,1560,3650
PB,f,c,aa,0,200,1300,1800,3450
PB,f,c,aa,0,265,1170,1500,3440
PB,f,c,aa,0,283,980,1300,3100
PB,m,c,aa,0,250,940,1380,2400
PB,m,c,aa,0,276,1200,1500,3160
PB,f,c,aa,0,275,1040,1350,3850
PB,f,c,aa,0,250,1100,1460,4250
PB,f,c,aa,0,299,990,1410,3750
PB,f,c,aa,0,280,1050,1320,3730
PB,f,c,aa,0,218,1090,1380,3050
PB,f,c,aa,0,212,860,1250,2800
PB,f,c,aa,0,240,940,1400,3400
PB,f,c,aa,0,245,930,1370,3120
PB,m,c,aa,0,278,950,1200,2950
PB,m,c,aa,0,250,920,1080,2770
PB,m,c,aa,0,250,950,1350,3100
PB,m,c,aa,0,227,910,1360,2950
PB,m,c,aa,0,242,970,1450,3260
PB,m,c,aa,0,225,1010,1650,3150
PB,m,c,aa,0,245,780,1250,3180
PB,m,c,aa,0,236,970,970,3120
PB,f,c,aa,0,278,1110,1630,2780
PB,f,c,aa,0,280,1130,1400,3000
PB,m,c,aa,0,250,1230,1300,3200
PB,m,c,aa,0,286,1090,1230,2980
PB,m,c,aa,0,270,810,1350,2940
PB,m,c,aa,0,275,1000,1360,3000
PB,f,c,aa,0,350,1190,1470,3150
PB,f,c,aa,0,314,1070,1460,2950
PB,m,m,ao,0,161,600,970,2280
PB,m,m,ao,0,158,660,980,2220
PB,m,m,ao,0,149,580,580,2470
PB,m,m,ao,0,140,560,560,2410
PB,m,m,ao,0,92,550,870,2300
PB,m,m,ao,0,120,540,840,2280
PB,m,m,ao,0,143,540,850,2320
PB,m,m,ao,0,150,555,890,2370
PB,m,m,ao,0,136,540,970,1980
PB,m,m,ao,0,124,550,880,1950
PB,m,m,ao,0,120,660,1030,2690
PB,m,m,ao,0,125,720,960,2700
PB,m,m,ao,0,145,430,720,2450
PB,m,m,ao,0,171,510,800,2500
PB,m,m,ao,0,107,590,965,2500
PB,m,m,ao,0,109,578,970,2460
PB,m,m,ao,0,146,614,848,2200
PB,m,m,ao,0,143,600,860,2175
PB,m,m,ao,0,115,580,800,2650
PB,m,m,ao,0,117,585,819,2625
PB,m,m,ao,0,140,560,840,2500
PB,m,m,ao,0,140,560,924,2350
PB,m,m,ao,0,120,600,920,2080
PB,m,m,ao,0,133,580,910,2000
PB,m,m,ao,0,127,510,720,2450
PB,m,m,ao,0,120,480,710,2540
PB,m,m,ao,0,102,560,665,2620
PB,m,m,ao,0,106,550,650,2700
PB,m,m,ao,0,117,500,620,2250
PB,m,m,ao,0,106,550,700,2550
PB,m,m,ao,0,143,671,1000,2670
PB,m,m,ao,0,147,690,968,2660
PB,m,m,ao,0,97,565,780,2350
PB,m,m,ao,0,106,584,849,2460
PB,m,m,ao,0,122,460,720,2180
PB,m,m,ao,0,118,470,690,2200
PB,m,m,ao,0,113,560,860,2900
PB,m,m,ao,0,121,570,820,2820
PB,m,m,ao,0,112,560,790,2480
PB,m,m,ao,0,120,610,840,2420
PB,m,m,ao,0,146,600,970,2570
PB,m,m,ao,0,138,650,880,2660
PB,m,m,ao,0,133,670,920,2240
PB,m,m,ao,0,142,570,850,2250
PB,m,m,ao,0,125,460,610,2500
PB,m,m,ao,0,120,470,710,2500
PB,m,m,ao,0,145,500,800,1850
PB,m,m,ao,0,132,600,1000,2000
PB,m,m,ao,0,101,460,740,2300
PB,m,m,ao,0,105,494,789,2420
PB,m,m,ao,0,117,510,700,2650
PB,m,m,ao,0,120,504,756,2540
PB,m,m,ao,0,125,550,913,2360
PB,m,m,ao,0,126,550,890,2280
PB,m,m,ao,0,114,560,810,2290
PB,m,m,ao,0,116,584,840,2280
PB,m,m,ao,0,105,630,891,2519
PB,m,m,ao,0,114,572,924,2660
PB,m,m,ao,0,150,600,900,2400
PB,m,m,ao,0,178,640,890,2280
PB,m,m,ao,0,108,507,755,2420
PB,m,m,ao,0,116,538,816,2450
PB,m,m,ao,0,125,625,875,2180
PB,m,m,ao,0,115,700,1000,2250
PB,m,m,ao,0,138,633,891,2500
PB,m,m,ao,0,150,600,935,2550
PB,f,w,ao,0,207,570,830,3300
PB,f,w,ao,0,200,700,1000,3130
PB,f,w,ao,0,228,460,900,2830
PB,f,w,ao,0,222,440,880,2850
PB,f,w,ao,0,203,610,900,2710
PB,f,w,ao,0,210,630,840,2700
PB,f,w,ao,0,200,560,760,2800
PB,f,w,ao,0,207,560,770,3000
PB,f,w,ao,0,160,560,960,2850
PB,f,w,ao,0,192,536,850,2850
PB,f,w,ao,0,267,530,800,2780
PB,f,w,ao,0,180,485,810,2750
PB,f,w,ao,0,220,520,880,2500
PB,f,w,ao,0,217,574,890,2510
PB,f,w,ao,0,225,631,923,2250
PB,f,w,ao,0,233,543,980,2300
PB,f,w,ao,0,214,579,856,2790
PB,f,w,ao,0,205,545,905,2750
PB,f,w,ao,0,233,650,900,2920
PB,f,w,ao,0,229,687,1060,2780
PB,f,w,ao,0,250,500,750,2750
PB,f,w,ao,0,243,632,850,2850
PB,f,w,ao,0,220,440,749,2640
PB,f,w,ao,0,210,567,752,2600
PB,f,w,ao,0,226,672,1084,2495
PB,f,w,ao,0,209,627,1045,2504
PB,f,w,ao,0,175,700,1050,2750
PB,f,w,ao,0,190,720,1080,3030
PB,f,w,ao,0,200,500,700,2930
PB,f,w,ao,0,212,380,720,2700
PB,f,w,ao,0,200,600,860,2410
PB,f,w,ao,0,200,600,900,2400
PB,f,w,ao,0,192,575,1073,2490
PB,f,w,ao,0,200,600,1100,2600
PB,f,w,ao,0,222,623,1022,2700
PB,f,w,ao,0,220,594,990,2640
PB,f,w,ao,0,170,595,918,2600
PB,f,w,ao,0,176,630,985,2630
PB,f,w,ao,0,267,587,1068,3270
PB,f,w,ao,0,293,560,990,3150
PB,f,w,ao,0,205,656,944,2250
PB,f,w,ao,0,200,720,960,2380
PB,f,w,ao,0,202,606,910,2900
PB,f,w,ao,0,201,583,860,2840
PB,f,w,ao,0,229,688,1029,2750
PB,f,w,ao,0,222,670,1040,2640
PB,f,w,ao,0,240,700,1080,2810
PB,f,w,ao,0,240,720,1090,2840
PB,f,w,ao,0,242,530,870,2680
PB,f,w,ao,0,250,600,900,2770
PB,f,w,ao,0,234,408,695,3040
PB,f,w,ao,0,246,420,590,3100
PB,f,w,ao,0,194,720,1110,2420
PB,f,w,ao,0,200,700,1100,2780
PB,f,w,ao,0,240,600,850,2760
PB,f,w,ao,0,253,455,810,2750
PB,f,c,ao,0,219,660,1100,3850
PB,f,c,ao,0,217,690,1090,3900
PB,f,c,ao,0,265,530,1060,3450
PB,f,c,ao,0,272,540,1080,3000
PB,m,c,ao,0,250,750,1250,3450
PB,m,c,ao,0,225,675,950,3240
PB,f,c,ao,0,286,770,1150,3950
PB,f,c,ao,0,273,710,1200,3900
PB,f,c,ao,0,285,770,940,3750
PB,f,c,ao,0,333,680,1020,3700
PB,f,c,ao,0,211,800,1220,3700
PB,f,c,ao,0,214,640,1070,3000
PB,f,c,ao,0,240,530,860,3400
PB,f,c,ao,0,240,520,910,3420
PB,m,c,ao,0,262,790,1050,2900
PB,m,c,ao,0,250,750,1000,2500
PB,m,c,ao,0,203,700,1120,3070
PB,m,c,ao,0,230,690,920,2760
PB,m,c,ao,0,232,670,1160,3550
PB,m,c,ao,0,225,720,1260,3400
PB,m,c,ao,0,258,825,1210,3100
PB,m,c,ao,0,300,930,930,2900
PB,f,c,ao,0,292,580,930,2950
PB,f,c,ao,0,270,540,1070,3000
PB,m,c,ao,0,265,850,850,2920
PB,m,c,ao,0,285,685,1030,2900
PB,m,c,ao,0,270,535,970,2960
PB,m,c,ao,0,275,550,1080,2850
PB,f,c,ao,0,300,910,1200,3180
PB,f,c,ao,0,330,830,1250,3250
PB,m,m,uh,1,163,440,1120,2210
PB,m,m,uh,1,190,400,1070,2280
PB,m,m,uh,1,145,450,940,1910
PB,m,m,uh,1,141,410,830,2240
PB,m,m,uh,1,114,460,1150,2290
PB,m,m,uh,1,114,456,1030,2300
PB,m,m,uh,1,136,460,960,2210
PB,m,m,uh,1,156,460,1000,2350
PB,m,m,uh,1,133,470,1040,1990
PB,m,m,uh,1,132,490,990,1920
PB,m,m,uh,1,120,456,1080,2520
PB,m,m,uh,1,120,450,1140,2600
PB,m,m,uh,1,170,460,1120,2150
PB,m,m,uh,1,170,493,1120,2300
PB,m,m,uh,1,111,467,1110,2400
PB,m,m,uh,1,105,475,1220,2310
PB,m,m,uh,1,167,500,1000,2325
PB,m,m,uh,1,167,500,1000,2325
PB,m,m,uh,1,140,480,950,2500
PB,m,m,uh,1,127,461,993,2350
PB,m,m,uh,1,150,495,1080,2275
PB,m,m,uh,1,143,430,1030,2275
PB,m,m,uh,1,130,400,1200,2210
PB,m,m,uh,1,110,420,1230,2230
PB,m,m,uh,1,133,380,910,2350
PB,m,m,uh,1,140,440,1030,2400
PB,m,m,uh,1,112,448,980,2370
PB,m,m,uh,1,104,410,940,2370
PB,m,m,uh,1,140,390,730,2180
PB,m,m,uh,1,130,360,740,2200
PB,m,m,uh,1,143,443,1273,2430
PB,m,m,uh,1,153,459,1286,2410
PB,m,m,uh,1,105,420,1100,2140
PB,m,m,uh,1,111,422,1200,2175
PB,m,m,uh,1,129,320,770,1860
PB,m,m,uh,1,130,310,790,1920
PB,m,m,uh,1,125,350,1000,2500
PB,m,m,uh,1,130,380,920,2370
PB,m,m,uh,1,121,360,860,2200
PB,m,m,uh,1,120,400,840,2200
PB,m,m,uh,1,142,430,1130,2440
PB,m,m,uh,1,143,430,1150,2420
PB,m,m,uh,1,140,550,970,2200
PB,m,m,uh,1,141,490,870,2240
PB,m,m,uh,1,125,390,900,2100
PB,m,m,uh,1,125,460,920,2140
PB,m,m,uh,1,157,380,1060,1950
PB,m,m,uh,1,150,470,1220,2150
PB,m,m,uh,1,113,400,1020,2200
PB,m,m,uh,1,128,450,1028,2160
PB,m,m,uh,1,122,465,990,2440
PB,m,m,uh,1,125,462,976,2450
PB,m,m,uh,1,128,360,1028,2160
PB,m,m,uh,1,140,390,1060,2150
PB,m,m,uh,1,130,455,970,2140
PB,m,m,uh,1,120,456,1040,2038
PB,m,m,uh,1,125,438,975,2300
PB,m,m,uh,1,140,420,938,2300
PB,m,m,uh,1,160,448,960,2200
PB,m,m,uh,1,196,450,1000,2180
PB,m,m,uh,1,114,456,1040,2300
PB,m,m,uh,1,120,480,1120,2160
PB,m,m,uh,1,150,420,1100,2000
PB,m,m,uh,1,140,420,1120,2100
PB,m,m,uh,1,175,490,1102,2420
PB,m,m,uh,1,154,492,1077,2306
PB,f,w,uh,1,240,410,940,3040
PB,f,w,uh,1,225,450,970,3190
PB,f,w,uh,1,250,500,1040,2750
PB,f,w,uh,1,245,490,1000,2720
PB,f,w,uh,1,211,440,1050,2780
PB,f,w,uh,1,210,420,1050,2740
PB,f,w,uh,1,215,430,1075,2580
PB,f,w,uh,1,213,430,1000,2700
PB,f,w,uh,1,212,424,1040,2780
PB,f,w,uh,1,200,520,1060,2670
PB,f,w,uh,1,214,450,1460,2550
PB,f,w,uh,1,233,467,1400,2450
PB,f,w,uh,1,233,466,1330,2750
PB,f,w,uh,1,233,466,1165,2800
PB,f,w,uh,1,233,537,1360,2920
PB,f,w,uh,1,240,480,1345,2680
PB,f,w,uh,1,233,490,1220,2610
PB,f,w,uh,1,250,513,1500,2650
PB,f,w,uh,1,233,512,1211,2630
PB,f,w,uh,1,233,467,1167,2595
PB,f,w,uh,1,250,350,1170,2750
PB,f,w,uh,1,266,450,1000,2800
PB,f,w,uh,1,204,460,1045,2504
PB,f,w,uh,1,240,480,1105,2400
PB,f,w,uh,1,250,500,1200,2450
PB,f,w,uh,1,230,460,1150,2880
PB,f,w,uh,1,286,540,1200,2860
PB,f,w,uh,1,205,570,1200,2970
PB,f,w,uh,1,235,400,940,2820
PB,f,w,uh,1,214,380,860,2680
PB,f,w,uh,1,210,546,1090,2400
PB,f,w,uh,1,210,462,1240,2310
PB,f,w,uh,1,202,520,1210,2420
PB,f,w,uh,1,212,468,1275,2550
PB,f,w,uh,1,240,480,960,2820
PB,f,w,uh,1,242,484,900,2640
PB,f,w,uh,1,200,420,1200,2600
PB,f,w,uh,1,200,460,1260,2640
PB,f,w,uh,1,275,520,1350,3190
PB,f,w,uh,1,280,510,1415,3130
PB,f,w,uh,1,223,335,1049,2470
PB,f,w,uh,1,210,420,1009,2300
PB,f,w,uh,1,225,340,900,2650
PB,f,w,uh,1,235,470,1100,2560
PB,f,w,uh,1,251,427,1506,2640
PB,f,w,uh,1,240,460,1370,2610
PB,f,w,uh,1,243,500,1215,2870
PB,f,w,uh,1,239,500,1240,2860
PB,f,w,uh,1,250,600,1225,2500
PB,f,w,uh,1,264,630,1320,2560
PB,f,w,uh,1,251,500,1230,2520
PB,f,w,uh,1,256,480,1230,2750
PB,f,w,uh,1,222,470,1200,2900
PB,f,w,uh,1,237,470,1190,2800
PB,f,w,uh,1,282,400,1070,2530
PB,f,w,uh,1,250,450,1050,2450
PB,f,c,uh,1,206,620,1420,3700
PB,f,c,uh,1,220,620,1410,3520
PB,f,c,uh,1,285,560,1440,3500
PB,f,c,uh,1,294,570,1450,3500
PB,m,c,uh,1,300,610,1500,3300
PB,m,c,uh,1,275,500,1370,3500
PB,f,c,uh,1,285,680,1420,3800
PB,f,c,uh,1,278,640,1350,3950
PB,f,c,uh,1,322,550,1195,3750
PB,f,c,uh,1,350,550,1340,3500
PB,f,c,uh,1,219,660,1360,3700
PB,f,c,uh,1,214,730,1500,3600
PB,f,c,uh,1,255,510,1250,3320
PB,f,c,uh,1,260,520,1140,3320
PB,m,c,uh,1,275,540,1430,3320
PB,m,c,uh,1,263,530,1580,3200
PB,m,c,uh,1,250,475,1250,3150
PB,m,c,uh,1,212,460,1210,2750
PB,m,c,uh,1,216,500,1640,3580
PB,m,c,uh,1,250,450,1440,3500
PB,m,c,uh,1,260,490,1460,2860
PB,m,c,uh,1,286,570,1320,2840
PB,f,c,uh,1,300,450,1350,3000
PB,f,c,uh,1,320,520,1600,3150
PB,m,c,uh,1,283,540,1420,3050
PB,m,c,uh,1,300,600,1440,2900
PB,m,c,uh,1,275,550,1420,3040
PB,m,c,uh,1,295,570,1500,3000
PB,f,c,uh,1,327,630,1310,3270
PB,f,c,uh,1,322,610,1550,3400
H,m,m,uh,1,171,670,1178,2566
H,m,m,uh,1,105,642,998,2682
H,m,m,uh,1,96,622,1075,2622
H,m,m,uh,1,131,650,1036,2697
H,m,m,uh,1,117,629,1146,2643
H,m,m,uh,1,90,651,1176,2564
H,m,m,uh,1,132,626,1159,2643
H,m,m,uh,1,121,602,1336,2690
H,m,m,uh,1,157,658,1410,2720
H,m,m,uh,1,155,619,1241,2455
H,m,m,uh,1,107,636,1153,2756
H,m,m,uh,1,105,631,1133,2560
H,m,m,uh,1,147,573,1152,2604
H,m,m,uh,1,152,663,1166,2177
H,m,m,uh,1,147,610,1168,2529
H,m,m,uh,1,154,637,1295,2757
H,m,m,uh,1,138,623,1163,2555
H,m,m,uh,1,120,593,1254,2302
H,m,m,uh,1,122,622,1155,2606
H,m,m,uh,1,114,617,1071,2685
H,m,m,uh,1,130,628,1223,2609
H,m,m,uh,1,113,601,1214,2305
H,m,m,uh,1,116,593,1213,2329
H,m,m,uh,1,105,662,1166,2553
H,m,m,uh,1,124,682,1192,2774
H,m,m,uh,1,133,623,1207,2455
H,m,m,uh,1,96,560,1118,2503
H,m,m,uh,1,152,622,1285,2472
H,m,m,uh,1,147,666,1135,2471
H,m,m,uh,1,136,575,1130,2489
H,m,m,uh,1,124,583,1187,2627
H,m,m,uh,1,109,561,1343,2498
H,m,m,uh,1,118,630,1328,2554
H,m,m,uh,1,134,596,1053,2282
H,m,m,uh,1,141,602,1176,2495
H,m,m,uh,1,149,608,1167,2523
H,m,m,uh,1,138,612,1317,2608
H,m,m,uh,1,144,628,1172,2626
H,m,m,uh,1,128,631,1241,2276
H,m,m,uh,1,107,650,1154,2640
H,m,m,uh,1,180,670,1061,2703
H,m,m,uh,1,124,566,1040,2476
H,m,m,uh,1,119,600,1182,2471
H,m,m,uh,1,138,618,1228,2718
H,m,m,uh,1,119,622,1163,2370
H,f,w,uh,1,222,803,1501,2989
H,f,w,uh,1,226,788,1547,2917
H,f,w,uh,1,182,789,1291,2877
H,f,w,uh,1,216,731,1552,3111
H,f,w,uh,1,224,693,1381,2560
H,f,w,uh,1,226,795,1362,2671
H,f,w,uh,1,189,854,1401,2756
H,f,w,uh,1,243,716,1634,3119
H,f,w,uh,1,236,809,1391,2927
H,f,w,uh,1,217,680,1499,2885
H,f,w,uh,1,205,773,1614,2813
H,f,w,uh,1,241,817,1604,2649
H,f,w,uh,1,235,739,1320,2596
H,f,w,uh,1,220,742,1352,2960
H,f,w,uh,1,226,700,1338,2750
H,f,w,uh,1,198,824,1459,2924
H,f,w,uh,1,212,705,1166,2890
H,f,w,uh,1,235,839,1555,3003
H,f,w,uh,1,216,642,1338,2938
H,f,w,uh,1,221,701,1318,2881
H,f,w,uh,1,188,777,1397,3033
H,f,w,uh,1,211,686,1477,2698
H,f,w,uh,1,239,769,1382,3035
H,f,w,uh,1,217,815,1427,3002
H,f,w,uh,1,195,678,1397,2861
H,f,w,uh,1,244,823,1419,3051
H,f,w,uh,1,231,700,1580,3018
H,f,w,uh,1,307,885,1580,3078
H,f,w,uh,1,235,835,1507,2834
H,f,w,uh,1,216,756,1531,2871
H,f,w,uh,1,209,685,1100,2510
H,f,w,uh,1,244,828,1454,3287
H,f,w,uh,1,222,764,1359,2875
H,f,w,uh,1,207,729,1435,3109
H,f,w,uh,1,206,761,1380,3042
H,f,w,uh,1,206,809,1468,3153
H,f,w,uh,1,228,818,1516,2970
H,f,w,uh,1,198,710,1293,2623
H,f,w,uh,1,194,755,1427,2965
H,f,w,uh,1,215,827,1416,3022
H,f,w,uh,1,236,736,1300,2829
H,f,w,uh,1,214,678,1229,2590
H,f,w,uh,1,199,780,1380,2854
H,f,w,uh,1,155,693,1277,2935
H,f,w,uh,1,213,712,1499,2757
H,f,w,uh,1,236,733,1378,2891
H,f,w,uh,1,220,796,1271,3197
H,f,w,uh,1,213,811,1450,2938
H,m,c,uh,1,237,632,1573,2913
H,m,c,uh,1,269,731,1550,3363
H,m,c,uh,1,210,823,1655,2926
H,m,c,uh,1,241,756,1672,3183
H,m,c,uh,1,217,637,1424,3328
H,m,c,uh,1,289,822,1489,3281
H,m,c,uh,1,201,667,1442,2882
H,m,c,uh,1,233,695,1423,3210
H,m,c,uh,1,203,612,1432,3046
H,m,c,uh,1,213,699,1454,2765
H,m,c,uh,1,254,762,1721,3234
H,m,c,uh,1,211,639,1454,3098
H,m,c,uh,1,210,697,1305,3167
H,m,c,uh,1,183,739,1411,3122
H,m,c,uh,1,257,696,1297,2881
H,m,c,uh,1,266,780,1428,3070
H,m,c,uh,1,235,754,1742,3002
H,m,c,uh,1,212,632,1352,2740
H,m,c,uh,1,255,746,1552,3044
H,m,c,uh,1,282,863,1566,3134
H,m,c,uh,1,213,685,1485,2679
H,m,c,uh,1,220,688,1251,2795
H,m,c,uh,1,216,670,1538,3264
H,m,c,uh,1,214,763,1522,2931
H,m,c,uh,1,206,667,1400,3017
H,m,c,uh,1,234,778,1422,3266
H,f,c,uh,1,247,740,1502,3001
H,f,c,uh,1,220,882,1623,3434
H,f,c,uh,1,268,784,1614,3392
H,f,c,uh,1,225,897,1494,2960
H,f,c,uh,1,238,754,1430,3034
H,f,c,uh,1,234,620,1579,2861
H,f,c,uh,1,242,695,1832,3000
H,f,c,uh,1,262,756,1579,3388
H,f,c,uh,1,229,880,1680,3280
H,f,c,uh,1,226,701,1563,3058
H,f,c,uh,1,248,796,1669,3254
H,f,c,uh,1,229,738,1626,3315
H,f,c,uh,1,208,633,1454,2986
H,f,c,uh,1,247,684,1732,3241
H,f,c,uh,1,256,782,1622,3171
H,f,c,uh,1,207,744,1854,3360
H,f,c,uh,1,227,885,1629,3430
H,f,c,uh,1,248,1045,1609,3456
H,f,c,uh,1,229,646,1578,3366
PB,m,m,uw,1,160,240,1040,2150
PB,m,m,uw,1,157,270,930,2280
PB,m,m,uw,1,140,280,650,3300
PB,m,m,uw,1,137,260,660,3300
PB,m,m,uw,1,112,340,950,2240
PB,m,m,uw,1,112,326,900,2190
PB,m,m,uw,1,140,380,950,2050
PB,m,m,uw,1,148,385,850,2330
PB,m,m,uw,1,141,380,950,2140
PB,m,m,uw,1,133,330,800,2130
PB,m,m,uw,1,125,313,838,2340
PB,m,m,uw,1,125,288,938,2450
PB,m,m,uw,1,175,380,1040,2260
PB,m,m,uw,1,200,400,1000,2350
PB,m,m,uw,1,107,270,910,2200
PB,m,m,uw,1,108,260,975,2320
PB,m,m,uw,1,167,334,1150,2200
PB,m,m,uw,1,183,312,1020,2300
PB,m,m,uw,1,140,280,950,2300
PB,m,m,uw,1,133,266,920,2300
PB,m,m,uw,1,162,290,760,2300
PB,m,m,uw,1,157,315,850,2025
PB,m,m,uw,1,122,300,900,2130
PB,m,m,uw,1,123,260,1010,2240
PB,m,m,uw,1,127,350,720,2750
PB,m,m,uw,1,140,380,740,2880
PB,m,m,uw,1,116,232,696,2200
PB,m,m,uw,1,117,222,665,2080
PB,m,m,uw,1,131,260,720,2100
PB,m,m,uw,1,132,260,740,2040
PB,m,m,uw,1,146,395,1300,2160
PB,m,m,uw,1,153,400,1320,2150
PB,m,m,uw,1,117,315,1080,2260
PB,m,m,uw,1,125,326,1125,2210
PB,m,m,uw,1,140,210,670,1900
PB,m,m,uw,1,148,240,730,1850
PB,m,m,uw,1,130,250,1000,2100
PB,m,m,uw,1,140,210,960,1940
PB,m,m,uw,1,140,280,670,2140
PB,m,m,uw,1,126,250,720,2190
PB,m,m,uw,1,142,280,990,2330
PB,m,m,uw,1,145,290,1000,2300
PB,m,m,uw,1,150,300,600,2300
PB,m,m,uw,1,148,230,570,2100
PB,m,m,uw,1,125,250,690,2080
PB,m,m,uw,1,130,270,650,2050
PB,m,m,uw,1,162,324,800,2220
PB,m,m,uw,1,139,290,800,2150
PB,m,m,uw,1,140,392,1000,2120
PB,m,m,uw,1,116,350,898,2140
PB,m,m,uw,1,120,324,708,2440
PB,m,m,uw,1,157,387,786,2518
PB,m,m,uw,1,133,294,930,2050
PB,m,m,uw,1,140,280,1000,2160
PB,m,m,uw,1,125,350,820,2130
PB,m,m,uw,1,128,366,772,2058
PB,m,m,uw,1,133,333,800,2130
PB,m,m,uw,1,140,320,840,2150
PB,m,m,uw,1,167,333,835,2170
PB,m,m,uw,1,198,280,750,2170
PB,m,m,uw,1,123,344,960,2150
PB,m,m,uw,1,125,350,1000,2250
PB,m,m,uw,1,125,350,980,2200
PB,m,m,uw,1,133,320,918,2100
PB,m,m,uw,1,160,320,960,2240
PB,m,m,uw,1,160,320,960,2290
PB,f,w,uw,1,238,480,955,2960
PB,f,w,uw,1,208,395,810,2900
PB,f,w,uw,1,250,400,940,2720
PB,f,w,uw,1,245,410,860,2700
PB,f,w,uw,1,222,380,860,2500
PB,f,w,uw,1,208,330,750,2740
PB,f,w,uw,1,220,330,840,2550
PB,f,w,uw,1,213,280,850,2500
PB,f,w,uw,1,190,380,770,2900
PB,f,w,uw,1,187,340,750,2780
PB,f,w,uw,1,225,450,1080,2350
PB,f,w,uw,1,200,400,1000,2400
PB,f,w,uw,1,180,300,850,2800
PB,f,w,uw,1,175,350,840,2750
PB,f,w,uw,1,235,400,1180,2760
PB,f,w,uw,1,233,396,1120,2560
PB,f,w,uw,1,250,400,1250,2500
PB,f,w,uw,1,225,405,1080,2500
PB,f,w,uw,1,250,450,875,2750
PB,f,w,uw,1,233,420,935,2710
PB,f,w,uw,1,256,358,640,2560
PB,f,w,uw,1,250,300,750,2500
PB,f,w,uw,1,250,420,1000,2500
PB,f,w,uw,1,275,350,1100,2400
PB,f,w,uw,1,267,420,990,2860
PB,f,w,uw,1,190,380,893,2920
PB,f,w,uw,1,328,400,980,2630
PB,f,w,uw,1,290,440,990,2900
PB,f,w,uw,1,196,330,760,2870
PB,f,w,uw,1,188,350,710,2760
PB,f,w,uw,1,257,360,930,2260
PB,f,w,uw,1,220,440,1100,2300
PB,f,w,uw,1,207,370,1000,2470
PB,f,w,uw,1,205,330,970,2460
PB,f,w,uw,1,233,370,933,2520
PB,f,w,uw,1,250,325,750,2500
PB,f,w,uw,1,187,375,1124,2685
PB,f,w,uw,1,188,375,1143,2700
PB,f,w,uw,1,300,420,1045,3060
PB,f,w,uw,1,300,390,960,3030
PB,f,w,uw,1,219,329,877,2550
PB,f,w,uw,1,230,340,900,2530
PB,f,w,uw,1,205,308,1025,2650
PB,f,w,uw,1,235,329,1151,2560
PB,f,w,uw,1,236,378,1416,2580
PB,f,w,uw,1,239,380,1430,2610
PB,f,w,uw,1,263,470,1000,2820
PB,f,w,uw,1,272,378,950,2990
PB,f,w,uw,1,258,440,1290,2530
PB,f,w,uw,1,269,460,1080,2640
PB,f,w,uw,1,263,419,1050,2850
PB,f,w,uw,1,278,390,1060,2800
PB,f,w,uw,1,240,380,980,3100
PB,f,w,uw,1,188,340,920,3050
PB,f,w,uw,1,260,290,670,2380
PB,f,w,uw,1,275,330,630,2460
PB,f,c,uw,1,233,440,900,3900
PB,f,c,uw,1,200,400,650,3800
PB,f,c,uw,1,333,350,1280,3650
PB,f,c,uw,1,290,340,1160,2950
PB,m,c,uw,1,256,300,1280,3150
PB,m,c,uw,1,250,400,1300,3700
PB,f,c,uw,1,300,420,1110,3640
PB,f,c,uw,1,280,505,1050,3400
PB,f,c,uw,1,316,600,1200,3600
PB,f,c,uw,1,345,550,1100,3470
PB,f,c,uw,1,220,620,1100,3250
PB,f,c,uw,1,216,600,1280,3650
PB,f,c,uw,1,274,360,660,3050
PB,f,c,uw,1,260,310,730,3500
PB,m,c,uw,1,295,420,1500,3010
PB,m,c,uw,1,260,450,1330,2840
PB,m,c,uw,1,244,403,1100,2950
PB,m,c,uw,1,242,363,920,2900
PB,m,c,uw,1,290,350,1160,3260
PB,m,c,uw,1,273,330,1090,3350
PB,m,c,uw,1,275,470,1400,2800
PB,m,c,uw,1,286,370,1160,2800
PB,f,c,uw,1,307,460,1460,3070
PB,f,c,uw,1,300,400,1700,3000
PB,m,c,uw,1,280,390,1340,2830
PB,m,c,uw,1,284,340,1110,3080
PB,m,c,uw,1,283,510,1700,3020
PB,m,c,uw,1,278,500,1640,3050
PB,f,c,uw,1,345,520,1250,3460
PB,f,c,uw,1,334,500,1140,3380
H,m,m,uw,1,184,374,931,2433
H,m,m,uw,1,114,319,938,2091
H,m,m,uw,1,101,360,953,2505
H,m,m,uw,1,144,422,1299,2347
H,m,m,uw,1,120,366,919,2378
H,m,m,uw,1,113,326,997,2384
H,m,m,uw,1,126,382,1058,2334
H,m,m,uw,1,136,384,1234,2418
H,m,m,uw,1,156,338,1087,2515
H,m,m,uw,1,161,319,936,2187
H,m,m,uw,1,116,371,793,2719
H,m,m,uw,1,115,379,1123,2383
H,m,m,uw,1,148,382,994,2372
H,m,m,uw,1,174,339,860,2013
H,m,m,uw,1,147,415,1016,2465
H,m,m,uw,1,165,455,1181,2616
H,m,m,uw,1,156,370,889,2324
H,m,m,uw,1,116,372,1010,2136
H,m,m,uw,1,128,387,1123,2426
H,m,m,uw,1,132,389,959,2441
H,m,m,uw,1,147,435,1137,2395
H,m,m,uw,1,123,372,972,2316
H,m,m,uw,1,123,374,921,2288
H,m,m,uw,1,123,371,950,2264
H,m,m,uw,1,189,377,888,2416
H,m,m,uw,1,143,401,980,2460
H,m,m,uw,1,105,313,861,2374
H,m,m,uw,1,199,379,982,2407
H,m,m,uw,1,165,402,809,2466
H,m,m,uw,1,160,373,931,2381
H,m,m,uw,1,131,377,1008,2308
H,m,m,uw,1,114,357,1130,2300
H,m,m,uw,1,124,388,982,2316
H,m,m,uw,1,143,409,846,2073
H,m,m,uw,1,153,377,1063,2238
H,m,m,uw,1,192,387,967,2257
H,m,m,uw,1,151,316,893,2385
H,m,m,uw,1,154,437,1085,2305
H,m,m,uw,1,154,435,1070,2416
H,m,m,uw,1,113,365,999,2270
H,m,m,uw,1,224,437,871,2393
H,m,m,uw,1,147,413,1193,2164
H,m,m,uw,1,132,378,893,2455
H,m,m,uw,1,171,374,887,2478
H,m,m,uw,1,130,389,1033,2375
H,f,w,uw,1,260,503,1068,2810
H,f,w,uw,1,218,435,1384,2804
H,f,w,uw,1,211,431,788,2717
H,f,w,uw,1,216,436,1415,2843
H,f,w,uw,1,223,455,994,2612
H,f,w,uw,1,219,437,1113,2676
H,f,w,uw,1,211,384,1084,2929
H,f,w,uw,1,258,503,1514,2816
H,f,w,uw,1,265,504,1096,2665
H,f,w,uw,1,238,473,1113,2626
H,f,w,uw,1,232,461,1627,2761
H,f,w,uw,1,242,477,998,2690
H,f,w,uw,1,231,445,1136,2692
H,f,w,uw,1,239,483,1117,2707
H,f,w,uw,1,262,466,778,2699
H,f,w,uw,1,225,440,1122,2856
H,f,w,uw,1,216,436,911,2724
H,f,w,uw,1,257,506,1030,2575
H,f,w,uw,1,171,360,1034,2731
H,f,w,uw,1,247,491,1260,2502
H,f,w,uw,1,199,391,971,2945
H,f,w,uw,1,210,431,1003,2366
H,f,w,uw,1,268,525,1065,2942
H,f,w,uw,1,226,448,1369,2921
H,f,w,uw,1,230,445,881,2580
H,f,w,uw,1,256,503,963,2776
H,f,w,uw,1,261,508,1001,2763
H,f,w,uw,1,297,510,917,2757
H,f,w,uw,1,268,502,1050,2695
H,f,w,uw,1,237,488,1119,2702
H,f,w,uw,1,238,477,1184,2610
H,f,w,uw,1,272,504,1068,3121
H,f,w,uw,1,242,483,938,2835
H,f,w,uw,1,232,448,1463,2693
H,f,w,uw,1,219,438,1711,2636
H,f,w,uw,1,220,437,1178,2852
H,f,w,uw,1,260,504,1041,2838
H,f,w,uw,1,215,429,827,2719
H,f,w,uw,1,223,438,1078,2774
H,f,w,uw,1,237,450,916,2959
H,f,w,uw,1,255,474,974,2540
H,f,w,uw,1,254,430,954,2491
H,f,w,uw,1,204,415,1001,2556
H,f,w,uw,1,166,362,1351,2879
H,f,w,uw,1,238,482,987,2781
H,f,w,uw,1,234,458,1163,2651
H,f,w,uw,1,240,467,993,2802
H,f,w,uw,1,265,491,1317,2680
H,m,c,uw,1,246,502,1540,3176
H,m,c,uw,1,287,559,1312,2870
H,m,c,uw,1,194,506,2378,2991
H,m,c,uw,1,258,503,1104,3346
H,m,c,uw,1,240,481,1226,3131
H,m,c,uw,1,330,609,1658,2644
H,m,c,uw,1,228,440,1124,3117
H,m,c,uw,1,255,503,1119,3100
H,m,c,uw,1,215,463,1676,2976
H,m,c,uw,1,197,430,1448,2896
H,m,c,uw,1,258,503,1255,3105
H,m,c,uw,1,209,435,1312,2715
H,m,c,uw,1,206,418,940,2567
H,m,c,uw,1,282,548,1123,3152
H,m,c,uw,1,241,491,1467,2936
H,m,c,uw,1,262,505,1296,2619
H,m,c,uw,1,278,548,1377,2702
H,m,c,uw,1,281,550,1114,3012
H,m,c,uw,1,260,504,997,2826
H,m,c,uw,1,256,504,1515,2952
H,m,c,uw,1,221,438,1336,3117
H,m,c,uw,1,235,449,916,3002
H,m,c,uw,1,254,495,1283,3033
H,m,c,uw,1,216,434,1297,2694
H,m,c,uw,1,249,498,1509,2866
H,f,c,uw,1,251,500,1724,2988
H,f,c,uw,1,188,435,1059,3389
H,f,c,uw,1,288,556,1736,3005
H,f,c,uw,1,219,437,1733,3208
H,f,c,uw,1,256,480,1011,2574
H,f,c,uw,1,255,503,821,2874
H,f,c,uw,1,271,540,1653,2799
H,f,c,uw,1,303,568,1508,2987
H,f,c,uw,1,216,460,1422,3099
H,f,c,uw,1,238,460,1291,3010
H,f,c,uw,1,276,540,1998,3104
H,f,c,uw,1,273,527,1407,3253
H,f,c,uw,1,239,486,968,2756
H,f,c,uw,1,244,496,1739,2873
H,f,c,uw,1,236,490,2179,3131
H,f,c,uw,1,214,435,1829,3316
H,f,c,uw,1,243,497,1334,3067
H,f,c,uw,1,248,498,1740,3291
H,f,c,uw,1,225,446,1533,3269
PB,m,m,er,1,177,370,1520,1670
PB,m,m,er,1,164,460,1330,1590
PB,m,m,er,1,145,510,1210,1570
PB,m,m,er,1,145,510,1130,1510
PB,m,m,er,1,100,500,1370,1780
PB,m,m,er,1,106,530,1330,1800
PB,m,m,er,1,150,590,1400,1840
PB,m,m,er,1,145,555,1430,1730
PB,m,m,er,1,143,560,1510,1800
PB,m,m,er,1,136,510,1460,1700
PB,m,m,er,1,120,503,1305,1775
PB,m,m,er,1,120,505,1320,1750
PB,m,m,er,1,167,570,1300,1750
PB,m,m,er,1,157,565,1370,1710
PB,m,m,er,1,107,460,1400,1790
PB,m,m,er,1,103,425,1410,1760
PB,m,m,er,1,157,518,1305,1570
PB,m,m,er,1,157,504,1210,1510
PB,m,m,er,1,128,500,1340,1700
PB,m,m,er,1,133,532,1275,1600
PB,m,m,er,1,150,511,1561,1876
PB,m,m,er,1,138,530,1450,1887
PB,m,m,er,1,125,400,1450,1650
PB,m,m,er,1,128,360,1410,1640
PB,m,m,er,1,128,430,1370,1610
PB,m,m,er,1,135,440,1360,1600
PB,m,m,er,1,120,432,1300,1400
PB,m,m,er,1,111,420,1300,1570
PB,m,m,er,1,125,450,1230,1600
PB,m,m,er,1,127,460,1300,1650
PB,m,m,er,1,140,532,1500,1890
PB,m,m,er,1,146,538,1460,1818
PB,m,m,er,1,111,444,1300,1625
PB,m,m,er,1,109,469,1288,1600
PB,m,m,er,1,128,390,1320,1550
PB,m,m,er,1,124,420,1240,1510
PB,m,m,er,1,130,360,1300,1920
PB,m,m,er,1,133,370,1300,1760
PB,m,m,er,1,120,480,1410,1760
PB,m,m,er,1,121,470,1330,1700
PB,m,m,er,1,150,420,1350,1600
PB,m,m,er,1,150,450,1350,1600
PB,m,m,er,1,140,560,1520,2100
PB,m,m,er,1,140,540,1570,2050
PB,m,m,er,1,122,540,1280,1720
PB,m,m,er,1,118,510,1280,1650
PB,m,m,er,1,150,560,1350,1780
PB,m,m,er,1,150,600,1470,1820
PB,m,m,er,1,117,547,1340,1688
PB,m,m,er,1,128,512,1280,1570
PB,m,m,er,1,122,488,1468,1712
PB,m,m,er,1,118,472,1465,1725
PB,m,m,er,1,125,440,1250,1625
PB,m,m,er,1,130,480,1160,1520
PB,m,m,er,1,111,450,1420,1870
PB,m,m,er,1,118,472,1430,1840
PB,m,m,er,1,120,480,1320,1870
PB,m,m,er,1,127,483,1335,1844
PB,m,m,er,1,163,488,1300,1600
PB,m,m,er,1,163,490,1380,1620
PB,m,m,er,1,112,539,1370,1800
PB,m,m,er,1,117,549,1353,1728
PB,m,m,er,1,143,554,1480,1800
PB,m,m,er,1,128,484,1505,1890
PB,m,m,er,1,143,543,1310,1643
PB,m,m,er,1,145,508,1309,1600
PB,f,w,er,1,200,500,1850,2100
PB,f,w,er,1,200,560,1750,2100
PB,f,w,er,1,225,440,1560,1750
PB,f,w,er,1,210,420,1600,1750
PB,f,w,er,1,208,580,1450,1720
PB,f,w,er,1,212,540,1560,1900
PB,f,w,er,1,205,430,1800,1930
PB,f,w,er,1,200,420,1740,1960
PB,f,w,er,1,177,490,2120,2480
PB,f,w,er,1,197,493,1930,2300
PB,f,w,er,1,193,524,1700,2130
PB,f,w,er,1,180,507,1800,2380
PB,f,w,er,1,216,432,1790,2060
PB,f,w,er,1,219,360,1900,2320
PB,f,w,er,1,225,450,1640,2250
PB,f,w,er,1,233,489,1630,2090
PB,f,w,er,1,233,466,1860,2260
PB,f,w,er,1,225,540,1780,2220
PB,f,w,er,1,230,622,1750,2070
PB,f,w,er,1,225,652,1710,2043
PB,f,w,er,1,260,520,1560,1820
PB,f,w,er,1,250,500,1500,1750
PB,f,w,er,1,217,487,1500,1780
PB,f,w,er,1,206,467,1420,1640
PB,f,w,er,1,246,610,1630,2020
PB,f,w,er,1,225,585,1700,1850
PB,f,w,er,1,286,570,2000,2480
PB,f,w,er,1,260,510,1850,2350
PB,f,w,er,1,182,550,1780,2080
PB,f,w,er,1,201,600,1750,2000
PB,f,w,er,1,200,540,1400,1800
PB,f,w,er,1,204,460,1350,1560
PB,f,w,er,1,200,560,1600,1900
PB,f,w,er,1,206,514,1540,1955
PB,f,w,er,1,225,450,1680,2050
PB,f,w,er,1,233,466,1630,1865
PB,f,w,er,1,180,504,1565,1835
PB,f,w,er,1,183,513,1578,1830
PB,f,w,er,1,230,460,1860,2250
PB,f,w,er,1,214,504,1820,2290
PB,f,w,er,1,206,400,1380,1560
PB,f,w,er,1,201,400,1240,1480
PB,f,w,er,1,213,533,1425,1830
PB,f,w,er,1,214,535,1412,1800
PB,f,w,er,1,230,460,1200,1909
PB,f,w,er,1,225,410,1580,1800
PB,f,w,er,1,243,480,1410,1700
PB,f,w,er,1,243,493,1580,1775
PB,f,w,er,1,250,600,1500,2000
PB,f,w,er,1,254,610,1520,1950
PB,f,w,er,1,220,420,1720,1900
PB,f,w,er,1,255,510,1680,1890
PB,f,w,er,1,222,530,1670,2050
PB,f,w,er,1,200,500,1720,1900
PB,f,w,er,1,240,500,1630,2040
PB,f,w,er,1,243,490,1580,2190
PB,f,c,er,1,210,610,2300,2900
PB,f,c,er,1,200,450,2150,2550
PB,f,c,er,1,275,560,1740,2460
PB,f,c,er,1,302,600,1800,2200
PB,m,c,er,1,250,500,1540,1700
PB,m,c,er,1,242,580,1620,1790
PB,f,c,er,1,320,640,1940,2820
PB,f,c,er,1,265,610,2100,2600
PB,f,c,er,1,310,805,1705,2420
PB,f,c,er,1,310,710,1700,2400
PB,f,c,er,1,222,670,2130,2360
PB,f,c,er,1,205,760,2240,2460
PB,f,c,er,1,250,550,1500,1800
PB,f,c,er,1,239,480,1650,1960
PB,m,c,er,1,272,570,1880,2400
PB,m,c,er,1,255,510,1610,1910
PB,m,c,er,1,226,452,1580,1810
PB,m,c,er,1,232,510,1550,1740
PB,m,c,er,1,240,430,1800,2400
PB,m,c,er,1,233,470,1840,2400
PB,m,c,er,1,268,510,1660,2100
PB,m,c,er,1,250,480,1700,1830
PB,f,c,er,1,300,540,1770,2040
PB,f,c,er,1,286,540,2050,2300
PB,m,c,er,1,280,530,1650,1740
PB,m,c,er,1,286,550,1660,1770
PB,m,c,er,1,261,522,1830,2350
PB,m,c,er,1,282,530,1800,2250
PB,f,c,er,1,308,740,1850,2160
PB,f,c,er,1,328,660,1830,2200
H,m,m,er,1,175,506,1418,1849
H,m,m,er,1,94,479,1252,1621
H,m,m,er,1,117,489,1338,1747
H,m,m,er,1,96,493,1270,1633
H,m,m,er,1,131,501,1334,1611
H,m,m,er,1,137,466,1377,1616
H,m,m,er,1,154,459,1367,1716
H,m,m,er,1,140,438,1387,1716
H,m,m,er,1,110,439,1220,1681
H,m,m,er,1,106,506,1464,1672
H,m,m,er,1,147,439,1387,1746
H,m,m,er,1,140,429,1389,1830
H,m,m,er,1,139,504,1386,1813
H,m,m,er,1,154,505,1330,1929
H,m,m,er,1,156,457,1437,1648
H,m,m,er,1,122,463,1371,1684
H,m,m,er,1,120,491,1455,1896
H,m,m,er,1,117,504,1173,1595
H,m,m,er,1,134,513,1342,1965
H,m,m,er,1,116,442,1517,1736
H,m,m,er,1,140,496,1500,1711
H,m,m,er,1,103,430,1294,1487
H,m,m,er,1,146,435,1289,1562
H,m,m,er,1,151,491,1370,1679
H,m,m,er,1,129,477,1376,1679
H,m,m,er,1,115,447,1400,1791
H,m,m,er,1,112,440,1447,1701
H,m,m,er,1,119,493,1428,1741
H,m,m,er,1,130,478,1440,1665
H,m,m,er,1,142,451,1314,1731
H,m,m,er,1,138,467,1432,1742
H,m,m,er,1,127,505,1447,1823
H,m,m,er,1,150,461,1297,1586
H,m,m,er,1,143,557,1344,1610
H,m,m,er,1,105,491,1300,1744
H,m,m,er,1,196,486,1372,1797
H,m,m,er,1,133,443,1262,1538
H,m,m,er,1,116,489,1493,1836
H,m,m,er,1,156,444,1377,1543
H,m,m,er,1,123,516,1399,1756
H,f,w,er,1,224,470,1437,1672
H,f,w,er,1,218,500,1441,1914
H,f,w,er,1,216,619,1716,2138
H,f,w,er,1,242,494,1485,1863
H,f,w,er,1,225,527,1636,1974
H,f,w,er,1,174,518,1604,1912
H,f,w,er,1,248,503,1480,1735
H,f,w,er,1,230,495,1596,1973
H,f,w,er,1,195,567,1496,1803
H,f,w,er,1,219,501,1555,1938
H,f,w,er,1,244,531,1688,1971
H,f,w,er,1,225,506,1604,1915
H,f,w,er,1,234,484,1652,1928
H,f,w,er,1,219,597,1588,1905
H,f,w,er,1,212,491,1506,1727
H,f,w,er,1,246,524,1547,2066
H,f,w,er,1,173,505,1568,1845
H,f,w,er,1,212,508,1687,1913
H,f,w,er,1,262,538,1813,2236
H,f,w,er,1,215,617,1565,1930
H,f,w,er,1,184,522,1490,2094
H,f,w,er,1,257,507,1749,2028
H,f,w,er,1,238,514,1831,2192
H,f,w,er,1,264,580,1407,1837
H,f,w,er,1,246,557,1546,1929
H,f,w,er,1,184,555,1491,1998
H,f,w,er,1,252,549,1749,2209
H,f,w,er,1,214,461,1534,1878
H,f,w,er,1,218,537,1509,1682
H,f,w,er,1,206,492,1635,1871
H,f,w,er,1,198,455,1769,2070
H,f,w,er,1,230,656,1614,2008
H,f,w,er,1,207,584,1486,1783
H,f,w,er,1,237,487,1434,1911
H,f,w,er,1,204,537,1638,1932
H,f,w,er,1,166,500,1637,1928
H,f,w,er,1,211,456,1615,1826
H,f,w,er,1,231,604,1441,1835
H,f,w,er,1,176,513,1569,1869
H,f,w,er,1,224,503,1766,1956
H,m,c,er,1,240,608,1733,2159
H,m,c,er,1,283,560,1687,1990
H,m,c,er,1,199,622,1837,2114
H,m,c,er,1,230,580,1990,2245
H,m,c,er,1,224,573,1562,2227
H,m,c,er,1,294,612,1645,2306
H,m,c,er,1,241,505,1691,2074
H,m,c,er,1,220,620,1823,2188
H,m,c,er,1,211,586,1681,2069
H,m,c,er,1,263,523,1874,2284
H,m,c,er,1,193,574,1751,2078
H,m,c,er,1,213,619,1498,1696
H,m,c,er,1,281,562,1682,1981
H,m,c,er,1,200,591,1626,2051
H,m,c,er,1,247,556,1741,2245
H,m,c,er,1,272,559,1828,2163
H,m,c,er,1,217,571,1984,2206
H,m,c,er,1,247,495,1555,1948
H,m,c,er,1,259,678,1594,2048
H,m,c,er,1,246,614,1867,2435
H,m,c,er,1,248,568,1512,1783
H,m,c,er,1,227,488,1584,1810
H,m,c,er,1,224,479,1579,1963
H,m,c,er,1,211,615,1742,2009
H,m,c,er,1,220,457,1570,1926
H,m,c,er,1,250,614,1733,2034
H,f,c,er,1,228,556,1687,2002
H,f,c,er,1,223,620,1750,2165
H,f,c,er,1,285,564,2003,2349
H,f,c,er,1,223,601,1791,2612
H,f,c,er,1,224,632,1689,2154
H,f,c,er,1,237,585,1694,2278
H,f,c,er,1,286,573,1748,2245
H,f,c,er,1,212,631,1722,2140
H,f,c,er,1,233,671,1556,2302
H,f,c,er,1,253,627,1780,2415
H,f,c,er,1,273,561,1692,2358
H,f,c,er,1,215,603,1663,1983
H,f,c,er,1,248,707,1706,2245
H,f,c,er,1,225,667,1688,2246
H,f,c,er,1,219,611,2033,2522
H,f,c,er,1,236,670,1899,2323
H,f,c,er,1,230,627,1628,2058
H,f,c,er,1,225,620,1689,2361
H,m,m,aw,0,177,699,996,2548
H,m,m,aw,0,106,644,856,2627
H,m,m,aw,0,93,647,926,2785
H,m,m,aw,0,131,694,970,2746
H,m,m,aw,0,115,740,999,2691
H,m,m,aw,0,96,642,949,2437
H,m,m,aw,0,120,651,1033,2477
H,m,m,aw,0,123,620,1068,2634
H,m,m,aw,0,151,637,923,2722
H,m,m,aw,0,162,695,1108,2384
H,m,m,aw,0,104,664,1024,2639
H,m,m,aw,0,108,664,1043,2575
H,m,m,aw,0,142,628,1069,2689
H,m,m,aw,0,142,634,987,2305
H,m,m,aw,0,146,662,1001,2744
H,m,m,aw,0,154,653,1020,2810
H,m,m,aw,0,138,648,1013,2473
H,m,m,aw,0,107,631,1019,2219
H,m,m,aw,0,120,688,1139,2549
H,m,m,aw,0,111,696,983,2603
H,m,m,aw,0,127,691,1111,2439
H,m,m,aw,0,109,587,941,2371
H,m,m,aw,0,111,636,978,2220
H,m,m,aw,0,103,686,1064,2432
H,m,m,aw,0,122,681,1060,2863
H,m,m,aw,0,117,720,1063,2369
H,m,m,aw,0,92,619,1012,2460
H,m,m,aw,0,155,640,1149,2227
H,m,m,aw,0,144,633,995,2500
H,m,m,aw,0,133,649,1048,2441
H,m,m,aw,0,116,623,1012,2506
H,m,m,aw,0,106,645,1049,2507
H,m,m,aw,0,112,645,1063,2565
H,m,m,aw,0,130,606,991,2135
H,m,m,aw,0,142,636,1108,2623
H,m,m,aw,0,124,670,919,2241
H,m,m,aw,0,131,631,1167,2344
H,m,m,aw,0,134,687,1062,2524
H,m,m,aw,0,131,684,1000,2576
H,m,m,aw,0,100,684,1001,2833
H,m,m,aw,0,184,704,1052,2749
H,m,m,aw,0,121,591,974,2325
H,m,m,aw,0,118,611,1067,2491
H,m,m,aw,0,121,643,931,2630
H,m,m,aw,0,109,679,1102,2424
H,f,w,aw,0,218,815,1200,2783
H,f,w,aw,0,211,760,1225,2796
H,f,w,aw,0,186,772,1051,2870
H,f,w,aw,0,203,770,1245,2811
H,f,w,aw,0,231,923,1368,2503
H,f,w,aw,0,212,778,1220,2677
H,f,w,aw,0,167,809,1097,2646
H,f,w,aw,0,242,815,1426,2990
H,f,w,aw,0,241,890,1063,2523
H,f,w,aw,0,225,771,1170,2760
H,f,w,aw,0,197,755,1114,2766
H,f,w,aw,0,227,930,1422,2489
H,f,w,aw,0,234,697,1142,2507
H,f,w,aw,0,223,748,1063,2876
H,f,w,aw,0,229,827,1189,2633
H,f,w,aw,0,201,847,1192,2999
H,f,w,aw,0,211,794,1185,2896
H,f,w,aw,0,241,848,1175,2892
H,f,w,aw,0,185,713,1132,2948
H,f,w,aw,0,226,698,1127,2886
H,f,w,aw,0,191,736,1120,3055
H,f,w,aw,0,209,835,1326,2667
H,f,w,aw,0,247,907,1527,3075
H,f,w,aw,0,205,811,1254,2824
H,f,w,aw,0,180,656,1075,2684
H,f,w,aw,0,244,890,1292,2801
H,f,w,aw,0,217,860,1504,2834
H,f,w,aw,0,212,740,1037,2736
H,f,w,aw,0,233,867,1207,2746
H,f,w,aw,0,194,776,1324,2852
H,f,w,aw,0,226,699,1104,2513
H,f,w,aw,0,241,906,1386,3066
H,f,w,aw,0,210,814,1144,2729
H,f,w,aw,0,207,801,1187,2935
H,f,w,aw,0,213,822,1177,2950
H,f,w,aw,0,196,851,1105,3249
H,f,w,aw,0,219,825,1213,2751
H,f,w,aw,0,211,752,1101,2616
H,f,w,aw,0,200,765,997,3477
H,f,w,aw,0,237,799,1146,2770
H,f,w,aw,0,222,715,963,2455
H,f,w,aw,0,196,790,1044,2933
H,f,w,aw,0,162,850,1182,2909
H,f,w,aw,0,206,813,1117,2585
H,f,w,aw,0,221,736,1098,2821
H,f,w,aw,0,219,677,1054,3278
H,f,w,aw,0,246,995,1359,2941
H,m,c,aw,0,247,725,1384,2642
H,m,c,aw,0,263,802,1287,2729
H,m,c,aw,0,207,805,1299,2582
H,m,c,aw,0,244,817,1329,2965
H,m,c,aw,0,199,780,1236,3360
H,m,c,aw,0,301,891,1383,3039
H,m,c,aw,0,207,610,993,2946
H,m,c,aw,0,238,845,1111,3049
H,m,c,aw,0,208,695,1288,3014
H,m,c,aw,0,194,761,1310,2801
H,m,c,aw,0,251,985,1630,2989
H,m,c,aw,0,210,875,1402,2830
H,m,c,aw,0,206,950,1246,2853
H,m,c,aw,0,258,750,1251,3003
H,m,c,aw,0,201,819,1074,2918
H,m,c,aw,0,264,744,1093,2898
H,m,c,aw,0,249,808,1467,2997
H,m,c,aw,0,222,820,1356,2700
H,m,c,aw,0,249,746,1309,2957
H,m,c,aw,0,268,765,1067,3266
H,m,c,aw,0,203,770,1010,2411
H,m,c,aw,0,213,839,1240,2636
H,m,c,aw,0,215,792,1268,2988
H,m,c,aw,0,216,640,929,2654
H,m,c,aw,0,214,941,1409,2729
H,f,c,aw,0,240,867,1292,3296
H,f,c,aw,0,217,875,1501,3294
H,f,c,aw,0,244,885,1415,3196
H,f,c,aw,0,210,882,1309,2834
H,f,c,aw,0,224,888,1266,2632
H,f,c,aw,0,233,697,1358,2263
H,f,c,aw,0,270,787,1234,2924
H,f,c,aw,0,301,932,1445,3107
H,f,c,aw,0,226,893,1563,3131
H,f,c,aw,0,232,898,1359,2850
H,f,c,aw,0,241,952,1665,3063
H,f,c,aw,0,234,823,1356,3419
H,f,c,aw,0,214,854,1109,2960
H,f,c,aw,0,239,894,1366,3371
H,f,c,aw,0,233,757,1242,3288
H,f,c,aw,0,221,1090,1465,2981
H,f,c,aw,0,246,998,1368,3282
H,f,c,aw,0,218,1001,1488,3149
H,m,m,ei,0,166,494,2113,2700
H,m,m,ei,0,105,438,2196,2480
H,m,m,ei,0,91,438,2026,2476
H,m,m,ei,0,134,493,2102,2839
H,m,m,ei,0,120,497,2024,2677
H,m,m,ei,0,100,555,2174,2900
H,m,m,ei,0,133,529,1974,2638
H,m,m,ei,0,122,446,1918,2674
H,m,m,ei,0,151,439,2067,2708
H,m,m,ei,0,141,433,2082,2620
H,m,m,ei,0,95,439,2126,2762
H,m,m,ei,0,109,495,2166,2668
H,m,m,ei,0,143,482,1904,2526
H,m,m,ei,0,148,435,2013,2506
H,m,m,ei,0,151,445,2268,2798
H,m,m,ei,0,156,492,2195,2786
H,m,m,ei,0,141,535,2004,2939
H,m,m,ei,0,121,499,2068,2676
H,m,m,ei,0,116,477,2110,2563
H,m,m,ei,0,131,529,2114,2731
H,m,m,ei,0,112,494,1962,2608
H,m,m,ei,0,113,504,1878,2549
H,m,m,ei,0,115,472,2141,2623
H,m,m,ei,0,124,490,2187,2722
H,m,m,ei,0,139,393,2305,2694
H,m,m,ei,0,94,374,2436,2803
H,m,m,ei,0,158,444,2121,2547
H,m,m,ei,0,148,500,2159,2634
H,m,m,ei,0,142,480,2100,2576
H,m,m,ei,0,116,469,2035,2660
H,m,m,ei,0,108,438,2003,2552
H,m,m,ei,0,121,478,2049,2866
H,m,m,ei,0,140,497,1903,2455
H,m,m,ei,0,155,477,2073,2617
H,m,m,ei,0,151,440,2245,3044
H,m,m,ei,0,142,502,2025,2642
H,m,m,ei,0,139,501,1944,2643
H,m,m,ei,0,138,549,1921,2686
H,m,m,ei,0,101,497,2083,2628
H,m,m,ei,0,181,537,2493,3151
H,m,m,ei,0,123,482,1804,2551
H,m,m,ei,0,120,501,2042,2617
H,m,m,ei,0,138,441,2348,2935
H,m,m,ei,0,109,492,2108,2974
H,f,w,ei,0,227,539,2476,2868
H,f,w,ei,0,208,672,2457,3190
H,f,w,ei,0,226,601,2577,3091
H,f,w,ei,0,241,487,2600,3130
H,f,w,ei,0,214,492,2437,3001
H,f,w,ei,0,186,553,2458,2788
H,f,w,ei,0,238,496,2665,3173
H,f,w,ei,0,265,505,2777,3044
H,f,w,ei,0,220,455,2433,3023
H,f,w,ei,0,214,574,2316,2854
H,f,w,ei,0,238,502,2674,3394
H,f,w,ei,0,206,596,2478,2924
H,f,w,ei,0,244,500,2482,3060
H,f,w,ei,0,207,617,2697,3154
H,f,w,ei,0,210,558,2505,2855
H,f,w,ei,0,244,572,2428,3120
H,f,w,ei,0,203,574,2360,2686
H,f,w,ei,0,238,498,2218,2894
H,f,w,ei,0,166,511,2574,3085
H,f,w,ei,0,211,513,2435,2939
H,f,w,ei,0,263,617,2668,3319
H,f,w,ei,0,212,610,2598,3323
H,f,w,ei,0,171,485,2423,2912
H,f,w,ei,0,243,578,2474,3055
H,f,w,ei,0,234,507,2573,3121
H,f,w,ei,0,246,504,2501,3050
H,f,w,ei,0,245,494,2680,3156
H,f,w,ei,0,212,487,2408,3094
H,f,w,ei,0,215,547,2262,2708
H,f,w,ei,0,247,500,2889,3452
H,f,w,ei,0,211,433,2773,3297
H,f,w,ei,0,215,591,2562,3156
H,f,w,ei,0,211,596,2314,3113
H,f,w,ei,0,193,500,2622,3305
H,f,w,ei,0,224,645,2554,3047
H,f,w,ei,0,198,434,2568,3053
H,f,w,ei,0,202,543,2399,2775
H,f,w,ei,0,214,555,2766,3181
H,f,w,ei,0,232,484,2276,3151
H,f,w,ei,0,217,442,2464,3067
H,f,w,ei,0,205,606,2438,2723
H,f,w,ei,0,224,546,2237,2864
H,f,w,ei,0,214,439,2801,3084
H,f,w,ei,0,252,664,2455,2915
H,m,c,ei,0,230,534,2690,3335
H,m,c,ei,0,277,556,2482,3428
H,m,c,ei,0,201,608,2836,3599
H,m,c,ei,0,252,574,2490,3189
H,m,c,ei,0,215,611,2761,3269
H,m,c,ei,0,320,629,2663,3132
H,m,c,ei,0,223,606,2396,3015
H,m,c,ei,0,235,555,2377,3123
H,m,c,ei,0,197,580,2754,3405
H,m,c,ei,0,210,571,2586,3293
H,m,c,ei,0,260,554,2620,3604
H,m,c,ei,0,242,532,2673,3363
H,m,c,ei,0,203,436,2658,3519
H,m,c,ei,0,262,558,2643,3216
H,m,c,ei,0,193,564,2523,3286
H,m,c,ei,0,250,499,2356,2983
H,m,c,ei,0,257,621,2476,3195
H,m,c,ei,0,222,652,2661,3448
H,m,c,ei,0,232,463,2745,3155
H,m,c,ei,0,250,558,2559,3311
H,m,c,ei,0,271,586,2720,3446
H,m,c,ei,0,212,613,2593,3103
H,m,c,ei,0,219,441,2585,3014
H,m,c,ei,0,233,654,2549,3427
H,m,c,ei,0,239,494,2823,3444
H,m,c,ei,0,239,510,2438,3126
H,f,c,ei,0,243,496,2670,3256
H,f,c,ei,0,211,648,2788,3723
H,f,c,ei,0,266,561,2663,3550
H,f,c,ei,0,220,638,2553,3348
H,f,c,ei,0,225,542,2755,3283
H,f,c,ei,0,242,544,2444,2605
H,f,c,ei,0,257,513,2881,3667
H,f,c,ei,0,258,536,2859,3507
H,f,c,ei,0,236,740,2651,3049
H,f,c,ei,0,240,494,2676,3280
H,f,c,ei,0,262,594,2733,3413
H,f,c,ei,0,258,550,2780,3468
H,f,c,ei,0,222,564,2455,3100
H,f,c,ei,0,237,497,2804,3315
H,f,c,ei,0,258,575,2502,3445
H,f,c,ei,0,234,618,2752,4040
H,f,c,ei,0,249,540,2687,3504
H,f,c,ei,0,235,558,2533,3224
H,m,m,oa,0,169,509,989,2561
H,m,m,oa,0,105,519,891,2532
H,m,m,oa,0,96,496,863,2548
H,m,m,oa,0,146,441,862,2455
H,m,m,oa,0,114,524,1000,2432
H,m,m,oa,0,94,515,1126,2455
H,m,m,oa,0,125,500,868,2552
H,m,m,oa,0,134,503,950,2680
H,m,m,oa,0,153,476,1016,2502
H,m,m,oa,0,149,496,867,2380
H,m,m,oa,0,104,486,826,2631
H,m,m,oa,0,107,491,1065,2383
H,m,m,oa,0,142,434,862,2561
H,m,m,oa,0,146,439,699,2107
H,m,m,oa,0,138,454,745,2623
H,m,m,oa,0,157,566,997,2748
H,m,m,oa,0,133,534,1002,2293
H,m,m,oa,0,127,499,859,2080
H,m,m,oa,0,119,520,987,2573
H,m,m,oa,0,117,461,801,2442
H,m,m,oa,0,126,543,1009,2326
H,m,m,oa,0,112,494,925,2235
H,m,m,oa,0,107,436,865,2377
H,m,m,oa,0,105,533,900,2435
H,m,m,oa,0,130,530,1000,2652
H,m,m,oa,0,118,509,896,2354
H,m,m,oa,0,95,376,659,2572
H,m,m,oa,0,150,457,870,2566
H,m,m,oa,0,160,487,804,2508
H,m,m,oa,0,138,502,879,2465
H,m,m,oa,0,124,499,883,2618
H,m,m,oa,0,114,465,969,2364
H,m,m,oa,0,122,496,908,2435
H,m,m,oa,0,142,437,861,2160
H,m,m,oa,0,136,548,1067,2480
H,m,m,oa,0,151,444,815,2375
H,m,m,oa,0,134,522,911,2461
H,m,m,oa,0,143,554,1005,2369
H,m,m,oa,0,140,528,792,2481
H,m,m,oa,0,106,555,1019,2611
H,m,m,oa,0,181,552,924,2565
H,m,m,oa,0,143,473,820,2308
H,m,m,oa,0,133,499,927,2493
H,m,m,oa,0,136,495,938,2519
H,m,m,oa,0,119,601,1045,2396
H,f,w,oa,0,234,557,1135,2961
H,f,w,oa,0,212,432,1013,2690
H,f,w,oa,0,176,624,1130,2881
H,f,w,oa,0,225,627,1314,2911
H,f,w,oa,0,224,443,879,2532
H,f,w,oa,0,203,580,995,2637
H,f,w,oa,0,196,621,1025,2704
H,f,w,oa,0,253,506,1257,2957
H,f,w,oa,0,252,538,998,2796
H,f,w,oa,0,219,453,980,2854
H,f,w,oa,0,196,597,1150,2751
H,f,w,oa,0,233,688,1185,2748
H,f,w,oa,0,236,631,1181,2458
H,f,w,oa,0,216,636,1041,2862
H,f,w,oa,0,226,449,924,2694
H,f,w,oa,0,209,612,1026,2896
H,f,w,oa,0,206,616,1034,2785
H,f,w,oa,0,241,631,1185,2942
H,f,w,oa,0,174,504,1047,2749
H,f,w,oa,0,234,469,934,2571
H,f,w,oa,0,181,578,1061,2882
H,f,w,oa,0,201,560,987,2311
H,f,w,oa,0,242,508,991,3121
H,f,w,oa,0,213,658,1045,2928
H,f,w,oa,0,167,498,970,2876
H,f,w,oa,0,243,582,946,2704
H,f,w,oa,0,240,613,1184,3063
H,f,w,oa,0,274,636,981,2944
H,f,w,oa,0,230,636,1096,2684
H,f,w,oa,0,203,584,936,2985
H,f,w,oa,0,217,499,1046,2697
H,f,w,oa,0,247,504,990,3324
H,f,w,oa,0,219,453,880,2924
H,f,w,oa,0,210,641,1195,2890
H,f,w,oa,0,217,620,1057,2833
H,f,w,oa,0,195,563,1198,3046
H,f,w,oa,0,221,632,1108,2869
H,f,w,oa,0,204,430,820,2783
H,f,w,oa,0,207,438,812,3068
H,f,w,oa,0,226,450,889,2904
H,f,w,oa,0,219,444,987,2727
H,f,w,oa,0,212,435,862,2516
H,f,w,oa,0,206,608,1007,2866
H,f,w,oa,0,183,568,1112,2827
H,f,w,oa,0,224,624,1109,2691
H,f,w,oa,0,237,522,923,2871
H,f,w,oa,0,206,444,803,3233
H,f,w,oa,0,239,720,1277,2812
H,m,c,oa,0,250,693,1235,2850
H,m,c,oa,0,258,557,1106,2808
H,m,c,oa,0,211,624,1456,2933
H,m,c,oa,0,250,685,1128,3181
H,m,c,oa,0,197,589,1050,3083
H,m,c,oa,0,315,641,1243,3443
H,m,c,oa,0,248,554,896,2870
H,m,c,oa,0,237,516,1181,3079
H,m,c,oa,0,209,623,1241,2770
H,m,c,oa,0,198,591,1168,2769
H,m,c,oa,0,218,586,1217,3041
H,m,c,oa,0,203,623,1044,3142
H,m,c,oa,0,282,562,1051,3094
H,m,c,oa,0,217,588,1063,3228
H,m,c,oa,0,269,581,1115,2924
H,m,c,oa,0,257,613,1236,2766
H,m,c,oa,0,185,548,1062,2926
H,m,c,oa,0,243,584,936,2679
H,m,c,oa,0,257,588,1117,2848
H,m,c,oa,0,274,557,1065,3040
H,m,c,oa,0,223,625,1100,2747
H,m,c,oa,0,215,646,1244,3023
H,m,c,oa,0,225,658,1272,2944
H,m,c,oa,0,224,616,1047,2669
H,m,c,oa,0,241,578,1122,2833
H,f,c,oa,0,251,571,1243,2854
H,f,c,oa,0,230,683,1038,3200
H,f,c,oa,0,282,583,1352,3140
H,f,c,oa,0,239,678,1306,3202
H,f,c,oa,0,226,483,903,2954
H,f,c,oa,0,241,492,927,2671
H,f,c,oa,0,259,536,789,2863
H,f,c,oa,0,275,561,1151,2996
H,f,c,oa,0,238,630,1491,3010
H,f,c,oa,0,232,455,923,3258
H,f,c,oa,0,225,637,1142,3360
H,f,c,oa,0,251,502,960,3274
H,f,c,oa,0,240,499,992,3121
H,f,c,oa,0,243,577,1217,3225
H,f,c,oa,0,267,785,1551,3138
H,f,c,oa,0,221,568,1096,2991
H,f,c,oa,0,234,688,1197,3184
H,f,c,oa,0,213,622,1223,3380
H,f,c,oa,0,222,643,1262,3194
H,m,m,oo,0,169,450,995,2519
H,m,m,oo,0,112,424,992,2249
H,m,m,oo,0,96,489,1059,2567
H,m,m,oo,0,134,522,1123,2538
H,m,m,oo,0,117,468,1115,2492
H,m,m,oo,0,92,442,1176,2435
H,m,m,oo,0,132,486,1116,2563
H,m,m,oo,0,125,442,1205,2580
H,m,m,oo,0,157,485,1086,2556
H,m,m,oo,0,151,472,1296,2273
H,m,m,oo,0,113,459,1036,2625
H,m,m,oo,0,116,446,1298,2275
H,m,m,oo,0,145,438,1177,2478
H,m,m,oo,0,148,438,979,2187
H,m,m,oo,0,158,481,1094,2623
H,m,m,oo,0,163,499,1127,2684
H,m,m,oo,0,144,438,1181,2381
H,m,m,oo,0,119,451,1106,2195
H,m,m,oo,0,124,470,1202,2555
H,m,m,oo,0,121,503,1058,2518
H,m,m,oo,0,131,504,1318,2491
H,m,m,oo,0,111,507,1183,2309
H,m,m,oo,0,116,492,1157,2454
H,m,m,oo,0,113,487,994,2299
H,m,m,oo,0,132,435,994,2565
H,m,m,oo,0,124,491,1246,2336
H,m,m,oo,0,109,430,1021,2507
H,m,m,oo,0,156,463,1086,2453
H,m,m,oo,0,160,500,1067,2435
H,m,m,oo,0,141,495,1093,2463
H,m,m,oo,0,125,442,1092,2459
H,m,m,oo,0,106,466,1375,2478
H,m,m,oo,0,120,496,1101,2396
H,m,m,oo,0,132,497,1164,2245
H,m,m,oo,0,146,436,1154,2300
H,m,m,oo,0,151,498,1048,2391
H,m,m,oo,0,142,435,1263,2559
H,m,m,oo,0,151,468,1064,2383
H,m,m,oo,0,128,510,1238,2250
H,m,m,oo,0,112,409,965,2490
H,m,m,oo,0,195,497,1107,2501
H,m,m,oo,0,141,465,1087,2217
H,m,m,oo,0,136,441,1181,2326
H,m,m,oo,0,164,456,1002,2518
H,m,m,oo,0,120,495,1106,2444
H,f,w,oo,0,228,489,1357,2937
H,f,w,oo,0,225,503,1332,2903
H,f,w,oo,0,215,494,1102,2863
H,f,w,oo,0,222,509,1323,3122
H,f,w,oo,0,244,506,1188,2485
H,f,w,oo,0,207,483,987,2679
H,f,w,oo,0,182,563,1233,2758
H,f,w,oo,0,254,546,1534,2880
H,f,w,oo,0,247,500,1200,2783
H,f,w,oo,0,231,491,1179,2636
H,f,w,oo,0,200,575,1619,2737
H,f,w,oo,0,225,502,1322,2951
H,f,w,oo,0,240,552,1193,2559
H,f,w,oo,0,224,499,1103,2900
H,f,w,oo,0,248,501,1189,2647
H,f,w,oo,0,219,562,1109,2904
H,f,w,oo,0,232,492,1161,2766
H,f,w,oo,0,249,505,1404,2774
H,f,w,oo,0,233,500,1095,2804
H,f,w,oo,0,242,496,1169,2654
H,f,w,oo,0,203,458,1042,3007
H,f,w,oo,0,231,617,1373,2579
H,f,w,oo,0,262,559,1246,3127
H,f,w,oo,0,228,509,1244,2980
H,f,w,oo,0,195,490,1122,2824
H,f,w,oo,0,262,616,1331,2696
H,f,w,oo,0,242,521,1428,3156
H,f,w,oo,0,285,570,1117,2820
H,f,w,oo,0,254,532,1354,2810
H,f,w,oo,0,228,482,1124,2704
H,f,w,oo,0,205,541,1183,2780
H,f,w,oo,0,244,615,1375,3295
H,f,w,oo,0,232,579,1392,2760
H,f,w,oo,0,236,552,1364,2809
H,f,w,oo,0,214,449,1396,2702
H,f,w,oo,0,228,464,1169,2985
H,f,w,oo,0,258,552,1214,2882
H,f,w,oo,0,187,486,1088,2663
H,f,w,oo,0,205,516,1019,2890
H,f,w,oo,0,226,444,1081,3049
H,f,w,oo,0,240,497,1440,2713
H,f,w,oo,0,224,499,1144,2511
H,f,w,oo,0,224,480,1108,2717
H,f,w,oo,0,177,520,1421,2998
H,f,w,oo,0,237,498,1162,2708
H,f,w,oo,0,255,519,1051,2741
H,f,w,oo,0,256,509,1049,3306
H,f,w,oo,0,236,553,1135,2859
H,m,c,oo,0,247,553,1495,2868
H,m,c,oo,0,292,570,1148,2947
H,m,c,oo,0,200,574,1808,2985
H,m,c,oo,0,251,558,1742,3271
H,m,c,oo,0,218,543,1473,3166
H,m,c,oo,0,305,624,1513,3061
H,m,c,oo,0,218,469,1097,2801
H,m,c,oo,0,237,615,1345,3346
H,m,c,oo,0,214,613,1561,2856
H,m,c,oo,0,213,593,1507,2997
H,m,c,oo,0,268,588,1578,3113
H,m,c,oo,0,227,626,1578,2786
H,m,c,oo,0,212,494,1245,3037
H,m,c,oo,0,291,570,1423,3457
H,m,c,oo,0,202,615,1397,3109
H,m,c,oo,0,263,508,1245,2885
H,m,c,oo,0,236,563,1585,2841
H,m,c,oo,0,252,578,1574,3026
H,m,c,oo,0,221,531,1540,2931
H,m,c,oo,0,237,627,1703,2883
H,m,c,oo,0,277,561,1627,3037
H,m,c,oo,0,237,493,1248,2751
H,m,c,oo,0,238,512,1260,2826
H,m,c,oo,0,227,546,1254,3333
H,m,c,oo,0,211,622,1417,2993
H,m,c,oo,0,239,492,1200,2622
H,m,c,oo,0,233,684,1623,3019
H,f,c,oo,0,243,499,1440,2980
H,f,c,oo,0,228,639,1518,3253
H,f,c,oo,0,271,564,1613,3065
H,f,c,oo,0,225,504,1440,3000
H,f,c,oo,0,254,545,1307,3032
H,f,c,oo,0,249,507,1720,2978
H,f,c,oo,0,271,585,1636,2941
H,f,c,oo,0,294,595,1737,3235
H,f,c,oo,0,229,667,1446,3220
H,f,c,oo,0,219,627,1515,3034
H,f,c,oo,0,259,571,1819,3274
H,f,c,oo,0,279,563,1577,3159
H,f,c,oo,0,245,498,1491,2924
H,f,c,oo,0,233,597,1599,3270
H,f,c,oo,0,236,643,1860,3306
H,f,c,oo,0,217,556,1558,3490
H,f,c,oo,0,237,682,1571,3394
H,f,c,oo,0,239,512,1644,3483
H,f,c,oo,0,243,575,1580,3509
