hyperfile,file,runid,new,P,Q,nlive,niter,logl,logz,logzerr,information,walltime
hyper_cmp,awb/arctic_a0094,0,False,0,1,500,3890,-56.3273124264572,-63.262887496083266,0.15449574046775247,5.897388250887943,48.07023787498474
hyper_cmp,awb/arctic_a0094,0,False,1,1,500,3889,-66.70917950496448,-73.64410387895678,0.1548572303325969,5.883052678254998,77.58194541931152
hyper_cmp,awb/arctic_a0094,0,False,2,1,500,4058,-12.076627719992217,-19.345214164466807,0.15834087493969023,6.253684484529639,112.65040922164917
hyper_cmp,awb/arctic_a0094,0,False,3,1,500,4470,108.80832349168881,100.71627477094744,0.16861405462194318,7.076227322935964,154.0083920955658
hyper_cmp,awb/arctic_a0094,0,False,4,1,500,4420,121.63130500029794,113.6415198788059,0.1671544572913125,6.987103914213122,193.68965888023376
hyper_cmp,awb/arctic_a0094,0,False,5,1,500,4508,113.17070948093368,105.00232704770404,0.16898383323244393,7.177868447244705,257.91790986061096
hyper_cmp,awb/arctic_a0094,0,False,6,1,500,4430,105.45843456525056,97.44305724943284,0.16734344039673504,7.005772429946006,301.9464416503906
hyper_cmp,awb/arctic_a0094,0,False,7,1,500,3986,126.17351305724213,119.05604850042086,0.1563829472601567,6.12374789449936,294.2840805053711
hyper_cmp,awb/arctic_a0094,0,False,8,1,500,3607,125.31994493664025,118.94793329213108,0.14776194466466988,5.2893438650264955,311.23340129852295
hyper_cmp,awb/arctic_a0094,0,False,9,1,500,3064,119.54277203682369,114.28311085609965,0.1271324719158644,4.4461906741367585,250.0576331615448
hyper_cmp,awb/arctic_a0094,0,False,10,1,500,3337,133.0298790080141,127.1770370947752,0.13990682614111052,4.7434935749901825,331.1911447048187
hyper_cmp,awb/arctic_a0094,0,False,0,2,500,6109,-49.11751374757017,-60.60957377995559,0.2129623178224299,9.431444206790772,115.98807287216187
hyper_cmp,awb/arctic_a0094,0,False,1,2,500,6113,-59.63070140539123,-71.123595982197,0.213818685091454,9.40336623581608,162.87799882888794
hyper_cmp,awb/arctic_a0094,0,False,2,2,500,6756,17.862735226065112,5.070879222028384,0.22654956598552967,10.654873418991976,242.1496798992157
hyper_cmp,awb/arctic_a0094,0,False,3,2,500,7725,172.7416599121946,158.026808214578,0.2413348686445042,12.786204211171992,347.1519281864166
hyper_cmp,awb/arctic_a0094,0,False,4,2,500,8381,250.74866058105164,234.72115897075972,0.2519471117701099,14.058699551296883,479.12750816345215
hyper_cmp,awb/arctic_a0094,0,False,5,2,500,8476,256.44076354857657,240.22447107586325,0.25362548171133803,14.259603953981014,587.6724636554718
hyper_cmp,awb/arctic_a0094,0,False,6,2,500,8870,326.2712300251075,309.26332725892837,0.25992413135833914,15.034975275175043,752.4972817897797
hyper_cmp,awb/arctic_a0094,0,False,7,2,500,9173,374.6403353177473,357.0448600941827,0.26470009730930755,15.67995553548917,927.252313375473
hyper_cmp,awb/arctic_a0094,0,False,8,2,500,10298,530.0910034117785,510.23186614657806,0.2807636662796233,17.891562745247768,1241.8283581733704
hyper_cmp,awb/arctic_a0094,0,False,9,2,500,9671,548.1798473059067,529.5710436280104,0.27209129772528606,16.60572306034237,1297.9842433929443
hyper_cmp,awb/arctic_a0094,0,False,10,2,500,9480,572.8228307885058,554.5925589372754,0.26862461089455125,16.218004860222095,1462.0697581768036
hyper_cmp,awb/arctic_a0094,0,False,0,3,500,7047,-60.054014694027565,-73.48443817632611,0.23724242607504342,10.59831103342075,166.60735511779785
hyper_cmp,awb/arctic_a0094,0,False,1,3,500,7010,-70.35719752507961,-83.72393042153321,0.23517426026822283,10.407397120112392,223.73705101013184
hyper_cmp,awb/arctic_a0094,0,False,2,3,500,8038,6.94053987116774,-8.544254547085385,0.25169008902193873,11.924391443795916,310.4766368865967
hyper_cmp,awb/arctic_a0094,0,False,3,3,500,9543,159.85720938720578,141.33697068591036,0.27215284694149483,14.341205042614234,465.59636402130127
hyper_cmp,awb/arctic_a0094,0,False,4,3,500,9956,235.33456818694748,216.0052996926156,0.2849955244018617,15.359665741330389,575.6335849761963
hyper_cmp,awb/arctic_a0094,0,False,5,3,500,10281,242.24094325833107,222.30111259240257,0.2896525814451935,16.255337774342394,703.9123084545135
hyper_cmp,awb/arctic_a0094,0,False,6,3,500,13686,344.04633559213846,317.261238227675,0.3270034848835196,22.726671950055902,1153.5308346748352
hyper_cmp,awb/arctic_a0094,0,False,7,3,500,12622,371.72371244318794,347.10179172053444,0.3167613980252172,21.01707885739745,1179.127171754837
hyper_cmp,awb/arctic_a0094,0,False,8,3,500,13437,517.9088652277903,491.63199822794985,0.32932927568185283,22.10266320369982,1501.7984659671783
hyper_cmp,awb/arctic_a0094,0,False,9,3,500,13486,540.384479225486,514.0394302470897,0.3322980304854959,22.643268607257255,1770.5240805149078
hyper_cmp,awb/arctic_a0094,0,False,10,3,500,13080,567.3430962380093,541.7894682641819,0.32411900254486137,21.73512158266965,1878.7486474514008
hyper_cmp,awb/arctic_a0094,0,False,0,4,500,14765,-41.48361805263448,-70.51405121028326,0.3343956116149619,21.878722852644813,433.83686995506287
hyper_cmp,awb/arctic_a0094,0,False,1,4,500,13187,-56.2115402783549,-82.01471566317362,0.3292405011251839,20.907548928177334,489.120902299881
hyper_cmp,awb/arctic_a0094,0,False,2,4,500,12811,12.718074491624042,-12.341154480730394,0.32541322830939456,19.785416482976576,575.0406250953674
hyper_cmp,awb/arctic_a0094,0,False,3,4,500,12566,158.44339197217084,133.92819129556577,0.3143421443487725,21.108926433151765,649.7832427024841
hyper_cmp,awb/arctic_a0094,0,False,4,4,500,13934,236.28612452714805,209.0168043491745,0.33218684236834384,23.505987879029846,898.0783915519714
hyper_cmp,awb/arctic_a0094,0,False,5,4,500,13306,239.5462809497743,213.57126527864463,0.3257274260607481,22.63262699863634,981.94225025177
hyper_cmp,awb/arctic_a0094,0,False,6,4,500,15546,330.44199900360996,299.9083596483626,0.34903661402047875,25.29674036233655,1319.8708605766296
hyper_cmp,awb/arctic_a0094,0,False,7,4,500,14580,355.0091886444087,326.43622168063786,0.3446141657485505,23.85801810071547,1444.0374493598938
hyper_cmp,awb/arctic_a0094,0,False,8,4,500,16058,508.3863236383737,476.8675793747761,0.35919314747375264,27.627682611471755,1984.7777814865112
hyper_cmp,awb/arctic_a0094,0,False,9,4,500,15895,525.8559270617184,494.6830186908997,0.35815169952236814,27.24375984268255,2212.2561707496643
hyper_cmp,awb/arctic_a0094,0,False,10,4,500,15008,548.069215423337,518.6899466427774,0.350697493705953,25.538953844323487,2253.954796552658
hyper_cmp,awb/arctic_a0094,0,False,0,5,500,17523,-34.682031291737175,-69.21273143836551,0.37378132979409506,26.807571917423942,617.7342483997345
hyper_cmp,awb/arctic_a0094,0,False,1,5,500,16621,-49.30981482020893,-82.03964841196617,0.3625237822756109,25.60833317787349,754.1031544208527
hyper_cmp,awb/arctic_a0094,0,False,2,5,500,17141,19.39382614390351,-14.366026810402454,0.37011124944583934,26.61158403859649,912.6731572151184
hyper_cmp,awb/arctic_a0094,0,False,3,5,500,13780,152.06266718390336,125.09249632528496,0.3271304246768713,23.2115415662537,804.2878859043121
hyper_cmp,awb/arctic_a0094,0,False,4,5,500,15042,229.20358579654666,199.71508210946743,0.3432794829343727,25.821014649760116,1116.094844341278
hyper_cmp,awb/arctic_a0094,0,False,5,5,500,14805,232.8962625280507,203.8845999316749,0.3491165568896826,24.8718117851445,1270.8830065727234
hyper_cmp,awb/arctic_a0094,0,False,6,5,500,18327,327.21307197976927,291.11420772585404,0.38420953811370395,30.539138548328083,1598.0096423625946
hyper_cmp,awb/arctic_a0094,0,False,7,5,500,17295,349.5276478657363,315.53773245323094,0.37743665257981657,29.384649926671784,1843.2230157852173
hyper_cmp,awb/arctic_a0094,0,False,8,5,500,17101,496.2767808166321,462.67729408920087,0.37283636846750434,29.550317996536364,2108.5894820690155
hyper_cmp,awb/arctic_a0094,0,False,9,5,500,18768,518.880170472998,481.9022530357435,0.394668074892505,30.708024036485938,2596.750072479248
hyper_cmp,awb/arctic_a0094,0,False,10,5,500,18958,543.6502982118768,506.30574014926924,0.39306664927171364,31.976155023804722,2928.231775522232
hyper_cmp,awb/arctic_a0094,0,True,0,1,500,3786,-56.32631025923542,-63.052434391292266,nan,5.710854501107335,74.0715708732605
hyper_cmp,awb/arctic_a0094,0,True,1,1,500,3782,-66.71000565318157,-73.42255166147484,nan,5.791553976641893,103.42489337921143
hyper_cmp,awb/arctic_a0094,0,True,2,1,500,4069,-12.075193522995633,-19.368791419892897,nan,6.249851226157082,143.04972195625305
hyper_cmp,awb/arctic_a0094,0,True,3,1,500,4375,108.80892757313381,100.90967234592466,nan,6.925131291291919,188.65572309494019
hyper_cmp,awb/arctic_a0094,0,True,4,1,500,4380,121.63183186231011,113.72406739848334,0.16624618499908694,6.908889559173389,231.68344449996948
hyper_cmp,awb/arctic_a0094,0,True,5,1,500,4438,113.16996175171116,105.14242818870585,0.1682661197371172,6.983974731772008,277.0922055244446
hyper_cmp,awb/arctic_a0094,0,True,6,1,500,4318,105.45782066140617,97.67077162212637,nan,6.795623927771587,315.02149057388306
hyper_cmp,awb/arctic_a0094,0,True,7,1,500,3820,126.17383636597472,119.38924129957681,nan,5.837016206704547,312.58931612968445
hyper_cmp,awb/arctic_a0094,0,True,8,1,500,3710,125.31918204998303,118.7465225494272,nan,5.5238271853166765,350.4708218574524
hyper_cmp,awb/arctic_a0094,0,True,9,1,500,3114,119.54208449458895,114.18136196450841,nan,4.514030294857548,280.2306070327759
hyper_cmp,awb/arctic_a0094,0,True,10,1,500,3489,133.0249616646243,126.87122529266334,nan,5.018103617248229,378.66283535957336
hyper_cmp,awb/arctic_a0094,0,True,0,2,500,4937,-49.148412229207864,-58.42069421621598,nan,6.387932216784897,130.9545361995697
hyper_cmp,awb/arctic_a0094,0,True,1,2,500,4895,-59.705944262460086,-68.88220254255958,nan,6.4666588795328295,166.8223419189453
hyper_cmp,awb/arctic_a0094,0,True,2,2,500,6889,18.2474842124749,5.128641384426237,0.15493037543935967,10.573904885791906,296.6011393070221
hyper_cmp,awb/arctic_a0094,0,True,3,2,500,8405,172.73540233337732,156.66202348528827,0.19028282096434207,14.0725749817625,471.5693974494934
hyper_cmp,awb/arctic_a0094,0,True,4,2,500,8678,250.72269467252215,234.10308039926164,0.19614989783164152,14.629594013296497,587.6774394512177
hyper_cmp,awb/arctic_a0094,0,True,5,2,500,8666,256.41620175922,239.82186762777113,nan,14.599640595074362,683.455007314682
hyper_cmp,awb/arctic_a0094,0,True,6,2,500,9161,326.2830324632603,308.6902680766294,0.20496595689929964,15.61743148370914,846.8365330696106
hyper_cmp,awb/arctic_a0094,0,True,7,2,500,9380,374.6183279655641,356.5975182530856,0.21158459725885242,15.932672754866303,1029.9301102161407
hyper_cmp,awb/arctic_a0094,0,True,8,2,500,10224,530.0801344150774,510.37299696371196,0.23564662373375944,17.742506530000412,1306.9229583740234
hyper_cmp,awb/arctic_a0094,0,True,9,2,500,9824,548.161381688863,529.253120044402,nan,16.887359149451754,1384.706715106964
hyper_cmp,awb/arctic_a0094,0,True,10,2,500,9596,572.8578005043908,554.3976665239426,nan,16.390350046983144,1568.121994972229
hyper_cmp,awb/arctic_a0094,0,True,0,3,500,10389,22.79926911561573,2.596625049103296,0.23176844710914393,16.006431282735964,309.00887799263
hyper_cmp,awb/arctic_a0094,0,True,1,3,500,9781,15.540255493827878,-3.4566633209597395,0.2254293007153796,14.3586122252972,368.5897572040558
hyper_cmp,awb/arctic_a0094,0,True,2,3,500,8826,81.42609062729093,64.38129944057341,0.20874129218688434,13.315330469402284,394.07541370391846
hyper_cmp,awb/arctic_a0094,0,True,3,3,500,11912,385.2548639433731,362.09528573633844,0.25745393059623384,20.29566020952018,775.3404762744904
hyper_cmp,awb/arctic_a0094,0,True,4,3,500,13163,540.4050708308291,514.7384156419383,nan,22.723244789427667,1019.9806792736053
hyper_cmp,awb/arctic_a0094,0,True,5,3,500,12680,539.0979266583322,514.3995508443153,0.26811644975653015,21.836877967622854,1159.4369235038757
hyper_cmp,awb/arctic_a0094,0,True,6,3,500,12495,557.4570538106557,533.1413420046465,0.26596128938837627,21.573623838549224,1316.0242092609406
hyper_cmp,awb/arctic_a0094,0,True,7,3,500,11736,607.905991056007,585.1078846267399,0.2536507058556265,20.124790692388842,1466.1996870040894
hyper_cmp,awb/arctic_a0094,0,True,8,3,500,13506,712.8560328717671,686.5138634796631,0.2782691732850084,23.542116185338955,1931.8863768577576
hyper_cmp,awb/arctic_a0094,0,True,9,3,500,13114,736.502665447332,710.9382541872878,nan,22.672727455044082,2123.1745767593384
hyper_cmp,awb/arctic_a0094,0,True,10,3,500,11969,735.0382481668834,711.7523335884676,nan,20.32214282348707,2201.511519908905
hyper_cmp,awb/arctic_a0094,0,True,0,4,500,13971,111.53740626989088,84.18105771269808,1.9053641054174757e+140,22.97949211225398,450.2403140068054
hyper_cmp,awb/arctic_a0094,0,True,1,4,500,13934,100.02518882746324,72.74695394699026,nan,22.911330180795375,555.3154635429382
hyper_cmp,awb/arctic_a0094,0,True,2,4,500,15443,268.0934076428929,237.7896063517159,0.31007612742588053,25.907393612325023,786.6576924324036
hyper_cmp,awb/arctic_a0094,0,True,3,4,500,15021,572.0966830818311,542.6703713523783,nan,25.76015625685352,983.9469254016876
hyper_cmp,awb/arctic_a0094,0,True,4,4,500,14570,651.4943112272903,622.9970116415454,0.29618935074042574,25.14181707183843,1249.416749238968
hyper_cmp,awb/arctic_a0094,0,True,5,4,500,15602,666.4697848714978,635.8542460597779,0.40169362877566134,26.321803745294915,1512.7322132587433
hyper_cmp,awb/arctic_a0094,0,True,6,4,500,14593,716.7825738305289,688.2420755541804,0.8020628111658423,25.28260124449764,1710.1905605793
hyper_cmp,awb/arctic_a0094,0,True,7,4,500,13438,749.3669724308788,723.1207964868207,25.21916307937171,22.894506727655312,1857.350481748581
hyper_cmp,awb/arctic_a0094,0,True,8,4,500,14353,757.5135829436992,729.4147764023702,nan,23.46429485984777,2321.628795862198
hyper_cmp,awb/arctic_a0094,0,True,9,4,500,15215,762.2233735564248,732.362905356947,nan,25.05830036143027,2761.0565614700317
hyper_cmp,awb/arctic_a0094,0,True,10,4,500,11415,769.6368381593937,747.378694054143,nan,18.00740192592457,2302.005133152008
hyper_cmp,awb/arctic_a0094,0,True,0,5,500,23855,432.5371868591286,385.43089175779266,0.40933027390906035,42.13277017573495,916.888153553009
hyper_cmp,awb/arctic_a0094,0,True,1,5,500,23136,452.78520588108233,407.0809176418963,0.39716281276105136,40.19011507620684,1075.9435439109802
hyper_cmp,awb/arctic_a0094,0,True,2,5,500,21037,561.9206009194087,520.3349495865544,0.35456071604587863,32.02476180082374,1297.4543125629425
hyper_cmp,awb/arctic_a0094,0,True,3,5,500,23176,704.2942560773079,658.5347019050813,0.40042649207987246,40.97391544038703,1815.9348938465118
hyper_cmp,awb/arctic_a0094,0,True,4,5,500,18753,730.894983068946,693.9495238858894,nan,31.37716752212191,1728.2463533878326
hyper_cmp,awb/arctic_a0094,0,True,5,5,500,15161,749.7462658171313,719.9949453157325,1.9053641054174757e+140,25.336397645497982,1630.0263404846191
hyper_cmp,awb/arctic_a0094,0,True,6,5,500,14528,769.3588937847139,740.826751988318,1.9053641054174757e+140,22.715937917896667,1699.694884300232
hyper_cmp,awb/arctic_a0094,0,True,7,5,500,15160,784.3986172857714,754.6710439556637,1.9053641054174757e+140,25.526924621848366,1731.6768145561218
hyper_cmp,awb/arctic_a0094,0,True,8,5,500,13502,780.9781499869755,754.5130209876679,234787.74835433785,21.332329409334648,1531.4519279003143
hyper_cmp,awb/arctic_a0094,0,True,9,5,500,10993,775.2482902684596,753.8331789286218,16376501.98229172,17.272852276080926,1214.0553805828094
hyper_cmp,awb/arctic_a0094,0,True,10,5,500,11078,772.580973241425,750.9696816321214,1.9053641054174757e+140,16.759156379386468,1153.5730288028717
hyper_cmp,bdl/arctic_a0017,0,False,0,1,500,3736,-18.497258450257586,-25.119813101408806,0.14946095273330254,5.649626181443288,43.91910243034363
hyper_cmp,bdl/arctic_a0017,0,False,1,1,500,3781,-29.23287097642297,-35.94113764047,0.15078699240674942,5.724292453592803,69.47916412353516
hyper_cmp,bdl/arctic_a0017,0,False,2,1,500,3857,-27.105706814731867,-33.97438818869272,0.15438062499734137,5.795820366159994,96.08605933189392
hyper_cmp,bdl/arctic_a0017,0,False,3,1,500,4007,6.565046168058863,-0.6015963098295242,0.15789547635408915,6.11601133208313,129.52651453018188
hyper_cmp,bdl/arctic_a0017,0,False,4,1,500,4079,17.79649220583938,10.48746987875023,0.15873633921922023,6.317993689639069,169.1630415916443
hyper_cmp,bdl/arctic_a0017,0,False,5,1,500,4131,28.561529625541475,21.148294176401805,0.1600216442525337,6.402060844859584,214.00194120407104
hyper_cmp,bdl/arctic_a0017,0,False,6,1,500,3986,20.512321314340902,13.393528097964346,0.1551957155741219,6.187796647656818,254.03571844100952
hyper_cmp,bdl/arctic_a0017,0,False,7,1,500,4065,12.804560601809719,5.520206523386627,0.1590360991374798,6.245515425352353,302.31124663352966
hyper_cmp,bdl/arctic_a0017,0,False,8,1,500,3847,5.573738098017024,-1.2712202614993835,0.15301655470904665,5.832399298133197,342.86221742630005
hyper_cmp,bdl/arctic_a0017,0,False,9,1,500,3876,-1.5029650853821792,-8.40896989185453,0.15421603937869238,5.8657201909196495,395.968111038208
hyper_cmp,bdl/arctic_a0017,0,False,10,1,500,3877,-5.988490254579361,-12.891677617211814,0.15352371675587606,5.905298162798635,449.9310989379883
hyper_cmp,bdl/arctic_a0017,0,False,0,2,500,6618,-0.8763913042371758,-13.39013502739088,0.22330994449172442,10.460883827062311,138.44324445724487
hyper_cmp,bdl/arctic_a0017,0,False,1,2,500,6707,-11.88811954560694,-24.577573731111286,0.2255410893789058,10.598796005496219,192.66423535346985
hyper_cmp,bdl/arctic_a0017,0,False,2,2,500,6589,-2.519179161333362,-14.948666101269767,0.22198460238607026,10.548725956268349,230.54452276229858
hyper_cmp,bdl/arctic_a0017,0,False,3,2,500,7133,35.32279332258148,21.78464891933531,0.2311387641329441,11.552501151109333,317.6522617340088
hyper_cmp,bdl/arctic_a0017,0,False,4,2,500,7738,69.67848221476098,54.93618535547439,0.24190017508311779,12.74734386849778,432.9981746673584
hyper_cmp,bdl/arctic_a0017,0,False,5,2,500,7694,78.72100166329875,64.06582786902986,0.24193227761548813,12.605233783474858,535.342068195343
hyper_cmp,bdl/arctic_a0017,0,False,6,2,500,7335,72.87050104177217,58.93389365031125,0.23525725668638184,12.008019803765052,597.0208885669708
hyper_cmp,bdl/arctic_a0017,0,False,7,2,500,7809,69.97187001791174,55.08267082717904,0.24291638524126843,12.903575280431347,763.6615877151489
hyper_cmp,bdl/arctic_a0017,0,False,8,2,500,7601,61.344114166007735,46.87701080634138,0.24047049126827316,12.428298745677715,875.8042471408844
hyper_cmp,bdl/arctic_a0017,0,False,9,2,500,7685,56.32159859880268,41.685925040782614,0.24065895832793036,12.641727985418235,1029.2352187633514
hyper_cmp,bdl/arctic_a0017,0,False,10,2,500,7551,48.864055544334086,34.49946359826448,0.2391852338814954,12.345042297395892,1162.3441886901855
hyper_cmp,bdl/arctic_a0017,0,False,0,3,500,8887,8.309578737879267,-8.84734603925148,0.2618715919619633,13.867981380051786,234.759339094162
hyper_cmp,bdl/arctic_a0017,0,False,1,3,500,8845,-2.8138893399559066,-19.866234394389163,0.2646768606672916,13.925994663482658,307.0865144729614
hyper_cmp,bdl/arctic_a0017,0,False,2,3,500,8751,4.057302344830873,-12.814918320670863,0.2655292940865881,13.450851200189268,397.0705690383911
hyper_cmp,bdl/arctic_a0017,0,False,3,3,500,9926,61.775494439512,42.54559260895156,0.28009131447478686,15.893569933220498,503.1012704372406
hyper_cmp,bdl/arctic_a0017,0,False,4,3,500,10418,99.4169546060329,79.23001160689874,0.28821919916037825,17.141586179380027,662.080892086029
hyper_cmp,bdl/arctic_a0017,0,False,5,3,500,10970,131.1535870401525,109.85567782357212,0.29456928261461846,18.261022693094034,852.0926351547241
hyper_cmp,bdl/arctic_a0017,0,False,6,3,500,11310,123.86669754700726,101.90241685974806,0.29868452709235715,19.04421860606773,1070.843029499054
hyper_cmp,bdl/arctic_a0017,0,False,7,3,500,10983,119.3159982504432,98.01173569406211,0.293666365811105,18.48800079261065,1189.792554616928
hyper_cmp,bdl/arctic_a0017,0,False,8,3,500,10955,109.88176567805374,88.6426965742877,0.2950148692722805,18.390581218238026,1397.2890141010284
hyper_cmp,bdl/arctic_a0017,0,False,9,3,500,10897,103.02448513697342,81.89801489286769,0.29408454092148834,18.291791048350376,1573.4044144153595
hyper_cmp,bdl/arctic_a0017,0,False,10,3,500,10924,99.82751145739851,78.63295075227151,0.29303740097246755,18.224282118831525,1829.5373513698578
hyper_cmp,bdl/arctic_a0017,0,False,0,4,500,9795,4.548826963087318,-14.44224885607521,0.28034292314452763,15.231753035237908,261.4104528427124
hyper_cmp,bdl/arctic_a0017,0,False,1,4,500,10666,-6.714297159364001,-27.435697192090377,0.29190386599233087,16.887148856158127,405.26477241516113
hyper_cmp,bdl/arctic_a0017,0,False,2,4,500,10467,1.135935156471291,-19.206720365713785,0.2877688431040644,16.280727147703026,474.5562469959259
hyper_cmp,bdl/arctic_a0017,0,False,3,4,500,14243,86.74884122436333,58.84373185661486,0.33984489645303584,23.41832521571815,714.3433327674866
hyper_cmp,bdl/arctic_a0017,0,False,4,4,500,13728,113.02295191235665,86.18572463464098,0.3319032759893759,23.26874081627139,903.7425000667572
hyper_cmp,bdl/arctic_a0017,0,False,5,4,500,13582,151.11629683395188,124.53743165270623,0.3266388869823915,22.616097190232352,1076.5787076950073
hyper_cmp,bdl/arctic_a0017,0,False,6,4,500,13906,146.6142382488303,119.43354806674047,0.3353785406926305,23.605990386252458,1369.7184219360352
hyper_cmp,bdl/arctic_a0017,0,False,7,4,500,14146,149.3707035611049,121.6917648042599,0.3357070597163864,23.935252651736775,1616.4187655448914
hyper_cmp,bdl/arctic_a0017,0,False,8,4,500,13427,138.97288920409176,112.74867103272258,0.3286403606232294,22.745933607100156,1768.1199581623077
hyper_cmp,bdl/arctic_a0017,0,False,9,4,500,13910,137.04404687727387,109.83164458739319,0.33079055266449364,23.421506089319593,2103.7125165462494
hyper_cmp,bdl/arctic_a0017,0,False,10,4,500,13740,131.04710002781607,104.20848591649843,0.3342460269828824,23.434850125800054,2402.8747911453247
hyper_cmp,bdl/arctic_a0017,0,False,0,5,500,12522,-2.2557266988092977,-26.765554334742127,0.3131074398324836,19.060819466648848,394.452210187912
hyper_cmp,bdl/arctic_a0017,0,False,1,5,500,14359,-8.501373766725475,-36.67927105777681,0.34489283684255456,21.946021865675046,639.7911522388458
hyper_cmp,bdl/arctic_a0017,0,False,2,5,500,18417,7.065061279267297,-29.29909075809685,0.35685857014418815,23.566319880010933,1102.4555134773254
hyper_cmp,bdl/arctic_a0017,0,False,3,5,500,16099,79.64281956780988,47.973397081451324,0.35563326408182644,25.600559962361444,861.2920548915863
hyper_cmp,bdl/arctic_a0017,0,False,4,5,500,20206,115.26558124623651,75.33836435465237,0.39393069658188035,28.36543346907129,1569.9514329433441
hyper_cmp,bdl/arctic_a0017,0,False,5,5,500,22134,156.3347631495207,112.5662392191723,0.42160733676362055,31.517941039175952,1943.6865911483765
hyper_cmp,bdl/arctic_a0017,0,False,6,5,500,19659,143.84391138746685,105.07019373152704,0.39462617250188947,32.346967559974985,2050.0071704387665
hyper_cmp,bdl/arctic_a0017,0,False,7,5,500,17886,142.56708192181327,107.38009455142286,0.3813884489578296,29.78775492825757,2173.535308599472
hyper_cmp,bdl/arctic_a0017,0,False,8,5,500,17137,131.4418526903038,97.75762408950744,0.374325399680028,28.555284216175878,2323.2541332244873
hyper_cmp,bdl/arctic_a0017,0,False,9,5,500,17145,128.7687845578893,95.06939528937512,0.3773010164725586,28.63913112369677,2749.491754770279
hyper_cmp,bdl/arctic_a0017,0,False,10,5,500,18607,125.78636207768622,89.11158302070518,0.3819431336222489,30.749231031144433,3528.3831934928894
hyper_cmp,bdl/arctic_a0017,0,True,0,1,500,4335,-18.49713589428656,-26.317175979309273,nan,6.796807563892209,86.52384638786316
hyper_cmp,bdl/arctic_a0017,0,True,1,1,500,4287,-29.22973792888175,-36.94714679705945,nan,6.763491545572737,115.7330310344696
hyper_cmp,bdl/arctic_a0017,0,True,2,1,500,4346,-27.104361448979883,-34.94466613237159,nan,6.833169205686332,146.42230987548828
hyper_cmp,bdl/arctic_a0017,0,True,3,1,500,4430,6.566026252624191,-1.4413076132788354,0.018742375635310456,7.011805836485117,188.1093978881836
hyper_cmp,bdl/arctic_a0017,0,True,4,1,500,4652,17.79719940837135,9.339836276772376,0.04963653964928437,7.396053662531363,240.87915706634521
hyper_cmp,bdl/arctic_a0017,0,True,5,1,500,4647,28.562394699262356,20.11830220747415,0.04670925449151,7.434571894722065,292.5684607028961
hyper_cmp,bdl/arctic_a0017,0,True,6,1,500,4665,20.510601113369347,12.036674997506285,0.04513313065252874,7.51719670583989,357.99630522727966
hyper_cmp,bdl/arctic_a0017,0,True,7,1,500,4586,12.806123360426277,4.4798473278371596,0.04336610004843149,7.276834178815221,391.90309596061707
hyper_cmp,bdl/arctic_a0017,0,True,8,1,500,4328,5.5742105047842045,-2.228760349524306,0.16393522152497655,6.860466674882993,428.3049108982086
hyper_cmp,bdl/arctic_a0017,0,True,9,1,500,4304,-1.503605378342236,-9.262194310078183,nan,6.697859858997476,473.4467945098877
hyper_cmp,bdl/arctic_a0017,0,True,10,1,500,4328,-5.987218089571407,-13.787175691126738,nan,6.800247391393162,554.7284531593323
hyper_cmp,bdl/arctic_a0017,0,True,0,2,500,7685,-0.8876571476307973,-15.525515945925378,0.17633866445390114,12.525777905737161,235.5957157611847
hyper_cmp,bdl/arctic_a0017,0,True,1,2,500,7448,-11.872760074526418,-26.04873750061152,nan,12.087619701590421,286.37089824676514
hyper_cmp,bdl/arctic_a0017,0,True,2,2,500,7669,-2.4942342187472946,-17.103684398114563,nan,12.55368870363981,368.3174252510071
hyper_cmp,bdl/arctic_a0017,0,True,3,2,500,8382,35.29696780490424,19.262906985958534,0.18973682574906026,14.036949143019516,448.36109161376953
hyper_cmp,bdl/arctic_a0017,0,True,4,2,500,8743,69.66682998157043,52.929400340922555,0.19653490841355065,14.85868028140304,587.731910943985
hyper_cmp,bdl/arctic_a0017,0,True,5,2,500,8664,78.74129945524672,62.15215049874973,nan,14.610598236071063,692.1682922840118
hyper_cmp,bdl/arctic_a0017,0,True,6,2,500,8212,72.88294487109582,57.186853448631865,0.1850536027013848,13.666351922230518,753.6051013469696
hyper_cmp,bdl/arctic_a0017,0,True,7,2,500,8676,69.97246525037988,53.35295900480273,nan,14.603483946285394,943.5172636508942
hyper_cmp,bdl/arctic_a0017,0,True,8,2,500,8349,61.35573490727707,45.39593113664689,nan,13.954732975165435,1073.7401762008667
hyper_cmp,bdl/arctic_a0017,0,True,9,2,500,8197,56.339323225340166,40.67783246619023,nan,13.649964913725299,1144.5106875896454
hyper_cmp,bdl/arctic_a0017,0,True,10,2,500,8336,48.81546775663483,32.872489914828314,1.9854552524274474,13.883565522232033,1414.153784751892
hyper_cmp,bdl/arctic_a0017,0,True,0,3,500,10430,11.479474374197146,-8.791421315089744,0.23496846969965482,16.21650270984155,362.6157748699188
hyper_cmp,bdl/arctic_a0017,0,True,1,3,500,10078,0.4183251954114624,-19.13882156505006,0.23592069222590598,15.49797496028727,429.1539943218231
hyper_cmp,bdl/arctic_a0017,0,True,2,3,500,8560,14.98752289489525,-1.54144178557542,nan,12.999844435059225,415.6950788497925
hyper_cmp,bdl/arctic_a0017,0,True,3,3,500,12139,61.72258491527887,38.07755770469803,0.26470627663562807,20.364783594869365,770.6514668464661
hyper_cmp,bdl/arctic_a0017,0,True,4,3,500,12844,99.32649265232013,74.29893557821097,0.27202011622158584,22.05697012911908,1040.6962032318115
hyper_cmp,bdl/arctic_a0017,0,True,5,3,500,12926,131.07396087575393,105.88341049702342,nan,22.198290851826755,1200.2942869663239
hyper_cmp,bdl/arctic_a0017,0,True,6,3,500,12289,123.82597343791906,99.92335002466622,nan,21.15596575292777,1355.086122751236
hyper_cmp,bdl/arctic_a0017,0,True,7,3,500,12928,119.2345518489868,94.05593268399727,nan,22.424462750795172,1657.1924777030945
hyper_cmp,bdl/arctic_a0017,0,True,8,3,500,12630,109.80336189718881,85.21464993986574,17.274729453376164,21.8030075862371,1858.4855077266693
hyper_cmp,bdl/arctic_a0017,0,True,9,3,500,12259,102.92840001235835,79.0984129818227,nan,21.136142969895147,2027.4958906173706
hyper_cmp,bdl/arctic_a0017,0,True,10,3,500,11979,99.79462662812017,76.49768656040479,nan,20.369087390960104,2222.129198074341
hyper_cmp,bdl/arctic_a0017,0,True,0,4,500,9531,19.786126252341703,1.2950609246543703,nan,14.549423798165671,337.948698759079
hyper_cmp,bdl/arctic_a0017,0,True,1,4,500,11953,24.704966681474694,1.3881635364123315,nan,19.3099256941023,566.5915393829346
hyper_cmp,bdl/arctic_a0017,0,True,2,4,500,13912,73.6500281063482,46.39743176302973,nan,22.807592988531596,741.9874489307404
hyper_cmp,bdl/arctic_a0017,0,True,3,4,500,12720,76.92118114002416,52.0964714871155,nan,21.028567085269877,852.2674825191498
hyper_cmp,bdl/arctic_a0017,0,True,4,4,500,13609,112.96339570740363,86.37928777926308,nan,23.172317658772556,1116.2521979808807
hyper_cmp,bdl/arctic_a0017,0,True,5,4,500,14194,169.27712011362127,141.51551364919888,nan,24.178766018740646,1389.766081571579
hyper_cmp,bdl/arctic_a0017,0,True,6,4,500,14074,158.62228173758115,131.11427988911615,nan,24.133939070918302,1699.6446940898895
hyper_cmp,bdl/arctic_a0017,0,True,7,4,500,14136,153.5123426349486,125.84784685512771,nan,23.95373208587158,1884.427176952362
hyper_cmp,bdl/arctic_a0017,0,True,8,4,500,13957,144.38992770779038,117.06629400923732,30216.743973893037,23.57412438592887,2190.1715030670166
hyper_cmp,bdl/arctic_a0017,0,True,9,4,500,13617,137.27091972341623,110.63990608526086,nan,22.979656674989826,2442.3064301013947
hyper_cmp,bdl/arctic_a0017,0,True,10,4,500,13267,134.59945086775826,108.6662948741673,nan,22.074393875371612,2557.3986678123474
hyper_cmp,bdl/arctic_a0017,0,True,0,5,500,13487,48.22549464583956,21.77263094504773,0.28001602239415435,19.867159010177062,541.4943790435791
hyper_cmp,bdl/arctic_a0017,0,True,1,5,500,16553,53.094397637273104,20.504688876472276,0.31944925354785375,25.929262408258676,834.8834369182587
hyper_cmp,bdl/arctic_a0017,0,True,2,5,500,11435,69.17285915624123,46.89569648711199,1.7176330519493195,18.67092400714499,723.0708923339844
hyper_cmp,bdl/arctic_a0017,0,True,3,5,500,16678,147.09442077452658,114.2965032449635,8673.342584857428,27.84913310122741,1205.3344678878784
hyper_cmp,bdl/arctic_a0017,0,True,4,5,500,15278,157.12698131085187,127.1451968363728,nan,25.437561776580793,1323.0653553009033
hyper_cmp,bdl/arctic_a0017,0,True,5,5,500,18792,233.7383351263132,196.76858892566423,nan,32.997234782354155,1839.4460844993591
hyper_cmp,bdl/arctic_a0017,0,True,6,5,500,15011,155.87815573868306,126.37688199217378,529570.5793248935,23.831015082238977,1635.6622178554535
hyper_cmp,bdl/arctic_a0017,0,True,7,5,500,19738,220.39958728287849,181.5260836397842,nan,34.42415504584082,2126.344110250473
hyper_cmp,bdl/arctic_a0017,0,True,8,5,500,20603,210.90459593254337,170.30245904646722,nan,36.22885580644649,2154.679268360138
hyper_cmp,bdl/arctic_a0017,0,True,9,5,500,18060,201.8598652496183,166.32682462162447,nan,31.08450218054088,2099.470911502838
hyper_cmp,bdl/arctic_a0017,0,True,10,5,500,18087,212.409311741412,176.81349044176196,nan,30.901912314016073,1996.0185980796814
hyper_cmp,jmk/arctic_a0067,0,False,0,1,500,3221,-161.8835030441942,-167.48556540183037,0.13789149999621433,4.483498254505093,44.53308057785034
hyper_cmp,jmk/arctic_a0067,0,False,1,1,500,3202,-170.41765303719143,-175.97620403259913,0.13647424960377955,4.48355759585354,62.064836263656616
hyper_cmp,jmk/arctic_a0067,0,False,2,1,500,3612,73.78952938609288,67.41907719777151,0.14659433301320626,5.371102219290037,82.4400885105133
hyper_cmp,jmk/arctic_a0067,0,False,3,1,500,4744,341.65166017611466,333.01588066243386,0.17509290468298544,7.610936995377642,174.2834930419922
hyper_cmp,jmk/arctic_a0067,0,False,4,1,500,4638,360.84140394333696,352.41526607516477,0.1720104886247663,7.441610349068924,203.2894082069397
hyper_cmp,jmk/arctic_a0067,0,False,5,1,500,4669,365.5142735112961,357.02968503178596,0.17314206991612885,7.473325719609136,265.64569211006165
hyper_cmp,jmk/arctic_a0067,0,False,6,1,500,5187,561.3522004473201,551.8261619761199,0.18524127792557488,8.477982208531103,355.09600019454956
hyper_cmp,jmk/arctic_a0067,0,False,7,1,500,4966,571.3162262907579,562.2336883977298,0.18010002538927264,8.058487528639603,389.35320472717285
hyper_cmp,jmk/arctic_a0067,0,False,8,1,500,4577,567.7777543489423,559.4830860770284,0.1703575712251649,7.330240526360399,428.45627546310425
hyper_cmp,jmk/arctic_a0067,0,False,9,1,500,4102,567.5819128823359,560.2327931412138,0.15883439121097043,6.383894197738982,424.6780822277069
hyper_cmp,jmk/arctic_a0067,0,False,10,1,500,3418,558.5069350674722,552.5156724741832,0.14195072350392496,4.9511432284249395,381.2718768119812
hyper_cmp,jmk/arctic_a0067,0,False,0,2,500,5600,-166.20785932064192,-176.79418841575293,0.21129763148698244,6.873631933112534,106.89532446861267
hyper_cmp,jmk/arctic_a0067,0,False,1,2,500,5459,-175.26024961012615,-185.5678627010051,0.21115575581158022,6.623312764082698,135.72031116485596
hyper_cmp,jmk/arctic_a0067,0,False,2,2,500,8169,101.71545470775932,86.0276567738074,0.25279633386367545,12.813554459691716,264.35371446609497
hyper_cmp,jmk/arctic_a0067,0,False,3,2,500,9984,415.9033111902017,396.6026065003072,0.28088397582848557,16.48971399032638,406.83861899375916
hyper_cmp,jmk/arctic_a0067,0,False,4,2,500,9844,421.1276573957506,402.08818599774554,0.278757543252535,16.1042919351799,487.46422696113586
hyper_cmp,jmk/arctic_a0067,0,False,5,2,500,9967,424.84491295701844,405.57104087797757,0.2810750548023611,16.43612673555981,602.4587736129761
hyper_cmp,jmk/arctic_a0067,0,False,6,2,500,8530,596.0377851058186,579.706990136817,0.2553892532131202,14.254513542874179,677.615208864212
hyper_cmp,jmk/arctic_a0067,0,False,7,2,500,8249,618.0691618160647,602.3155258936362,0.24941587116107572,13.84755349311979,780.9735128879547
hyper_cmp,jmk/arctic_a0067,0,False,8,2,500,8086,616.2024158086386,600.764753951157,0.24802401146866165,13.414592033750068,923.9696290493011
hyper_cmp,jmk/arctic_a0067,0,False,9,2,500,7633,618.2592950872684,603.7064979334752,0.24023949754025423,12.460998819407791,1018.3438546657562
hyper_cmp,jmk/arctic_a0067,0,False,10,2,500,6793,609.6871722027349,596.834023711864,0.22639377401730124,10.836405809234407,1020.356410741806
hyper_cmp,jmk/arctic_a0067,0,False,0,3,500,13465,-152.12995508040754,-178.5843545070901,0.325397388495934,16.309862562234798,390.3490605354309
hyper_cmp,jmk/arctic_a0067,0,False,1,3,500,14474,-158.49262723163534,-186.98327475534677,0.32364344497147196,15.555808852778,558.7383325099945
hyper_cmp,jmk/arctic_a0067,0,False,2,3,500,10831,97.10663042927693,76.01870475847791,0.29232776633214325,16.681874409463248,406.47695684432983
hyper_cmp,jmk/arctic_a0067,0,False,3,3,500,12672,415.9099925894287,391.14340596989507,0.3159128102107696,20.40339204538907,584.6286602020264
hyper_cmp,jmk/arctic_a0067,0,False,4,3,500,11523,418.24217037776276,395.7952196233843,0.30150315955545703,18.692036073443035,633.1675496101379
hyper_cmp,jmk/arctic_a0067,0,False,5,3,500,12114,428.3945175696425,404.76653074509437,0.31111132388107776,19.735234272477896,835.1090457439423
hyper_cmp,jmk/arctic_a0067,0,False,6,3,500,11648,624.1710549833087,601.5211077177376,0.3026103710867069,19.627496915314964,1106.2736504077911
hyper_cmp,jmk/arctic_a0067,0,False,7,3,500,11725,667.780597670522,644.9800886690035,0.302532028154842,19.870695751575568,1385.9865667819977
hyper_cmp,jmk/arctic_a0067,0,False,8,3,500,11438,670.6721545524961,648.4401654758032,0.29878184645105244,19.270772896015046,1505.6738002300262
hyper_cmp,jmk/arctic_a0067,0,False,9,3,500,10982,674.3420845781061,653.0414448341301,0.29532433268350566,18.458177040137684,1745.58331823349
hyper_cmp,jmk/arctic_a0067,0,False,10,3,500,10289,668.6551585929503,648.7320489007516,0.2848876931239546,16.88893795805859,1846.1497175693512
hyper_cmp,jmk/arctic_a0067,0,False,0,4,500,13881,-152.81969649877698,-180.08142125164423,0.332467380964521,19.323476954748116,485.3238937854767
hyper_cmp,jmk/arctic_a0067,0,False,1,4,500,13915,-161.89073151196095,-189.19765284403564,0.34326556250636325,19.25774317128159,600.7015972137451
hyper_cmp,jmk/arctic_a0067,0,False,2,4,500,11822,87.91045732780064,64.8573251412698,0.3098920467872538,18.972645142761067,478.5859236717224
hyper_cmp,jmk/arctic_a0067,0,False,3,4,500,14334,400.25355290415746,372.11688563071715,0.33666724090784883,22.176212762183184,687.5620381832123
hyper_cmp,jmk/arctic_a0067,0,False,4,4,500,13845,403.02333219083243,375.87775087819955,0.3333107888386117,21.8362603574314,820.1937425136566
hyper_cmp,jmk/arctic_a0067,0,False,5,4,500,13917,414.15387906022426,386.8547242935452,0.3325659260965744,21.76653764611035,941.5098080635071
hyper_cmp,jmk/arctic_a0067,0,False,6,4,500,13747,609.6600497689683,582.758595942121,0.33599809463996083,22.593615577287437,1403.0921490192413
hyper_cmp,jmk/arctic_a0067,0,False,7,4,500,12928,651.3459565470137,626.1328280166364,0.32083194366854767,22.01451665961133,1500.9914569854736
hyper_cmp,jmk/arctic_a0067,0,False,8,4,500,13174,656.9997952278032,631.2447017775419,0.32141970935404923,21.988155619546433,1809.0572350025177
hyper_cmp,jmk/arctic_a0067,0,False,9,4,500,14081,667.6409487274307,640.0462765756992,0.33511213710354953,22.80309589317835,2250.145672559738
hyper_cmp,jmk/arctic_a0067,0,False,10,4,500,13012,659.0902053877958,633.6424022107874,0.3256427000093285,20.81232297331144,2225.840493440628
hyper_cmp,jmk/arctic_a0067,0,False,0,5,500,31405,-118.18198451725831,-180.45976045038452,0.5112269363419648,46.0953112206592,1291.9196965694427
hyper_cmp,jmk/arctic_a0067,0,False,1,5,500,17939,-156.33481964900022,-191.72846640004022,0.3848123966011445,24.428421075564387,915.3962864875793
hyper_cmp,jmk/arctic_a0067,0,False,2,5,500,13367,82.2982395395963,56.08635662747282,0.3298550701188198,20.18532273408656,634.5114657878876
hyper_cmp,jmk/arctic_a0067,0,False,3,5,500,16716,396.5724398860491,363.70810196040156,0.3700602312646155,27.657788561705672,898.6827011108398
hyper_cmp,jmk/arctic_a0067,0,False,4,5,500,17090,399.33784742714505,365.7047825409927,0.36350649556064063,28.365309821078142,1108.4716296195984
hyper_cmp,jmk/arctic_a0067,0,False,5,5,500,17640,410.75993337152784,376.0254764180011,0.3784127745213192,29.148020040906943,1298.3169503211975
hyper_cmp,jmk/arctic_a0067,0,False,6,5,500,17408,600.8011790047955,566.5425646030393,0.370524266726176,29.24788345806087,1975.6738908290863
hyper_cmp,jmk/arctic_a0067,0,False,7,5,500,18054,644.3439369742125,608.8015332192977,0.3827791604983765,30.280345030230478,2407.3063657283783
hyper_cmp,jmk/arctic_a0067,0,False,8,5,500,17222,646.6805573409627,612.788317607739,0.37636691771322334,28.571742831611914,2499.5694692134857
hyper_cmp,jmk/arctic_a0067,0,False,9,5,500,16871,654.7401015967652,621.57239446241,0.3711032038768334,28.004392490948703,2715.3860609531403
hyper_cmp,jmk/arctic_a0067,0,False,10,5,500,16283,646.5965968610876,614.5664571722506,0.35643304841658535,26.306313053582016,3039.7854504585266
hyper_cmp,jmk/arctic_a0067,0,True,0,1,500,2709,-161.8832859408655,-166.4577044804198,nan,3.5304054303279884,45.01651167869568
hyper_cmp,jmk/arctic_a0067,0,True,1,1,500,2660,-170.4165252076988,-174.8919105767336,nan,3.4249323138758427,62.97301244735718
hyper_cmp,jmk/arctic_a0067,0,True,2,1,500,3220,73.78966614566559,68.2040318739958,nan,4.588332935109477,102.43369603157043
hyper_cmp,jmk/arctic_a0067,0,True,3,1,500,4339,341.65164047835356,333.8277682415588,nan,6.858906826299631,190.8013072013855
hyper_cmp,jmk/arctic_a0067,0,True,4,1,500,4370,360.8410700462093,352.9540568941511,nan,6.8934356943012745,238.54448103904724
hyper_cmp,jmk/arctic_a0067,0,True,5,1,500,4327,365.51244274750474,357.7105683277511,nan,6.7899529187629355,269.033243894577
hyper_cmp,jmk/arctic_a0067,0,True,6,1,500,5128,561.3520516743795,551.9421607439302,0.1843126192839775,8.3254530544707,398.8459370136261
hyper_cmp,jmk/arctic_a0067,0,True,7,1,500,4876,571.3164728236478,562.4136186062763,0.06274929849745492,7.898890820632005,431.6294801235199
hyper_cmp,jmk/arctic_a0067,0,True,8,1,500,4441,567.7768645273504,559.7488827546679,0.02101894775793694,7.032155020082087,454.7533721923828
hyper_cmp,jmk/arctic_a0067,0,True,9,1,500,4013,567.5794953607979,560.3963715835159,nan,6.15623084948777,446.0928907394409
hyper_cmp,jmk/arctic_a0067,0,True,10,1,500,3408,558.5066757413709,552.5358840900651,nan,4.928044121922085,409.96934366226196
hyper_cmp,jmk/arctic_a0067,0,True,0,2,500,5182,-138.8128621091073,-148.48379011902435,nan,7.421201478796405,126.10160326957703
hyper_cmp,jmk/arctic_a0067,0,True,1,2,500,5570,-142.2651269115229,-152.7537496613962,nan,7.877904363080006,171.37963581085205
hyper_cmp,jmk/arctic_a0067,0,True,2,2,500,8355,166.4298776405361,150.35861915951588,nan,13.046668307736184,340.0331723690033
hyper_cmp,jmk/arctic_a0067,0,True,3,2,500,6911,518.0654380243702,504.98877473153954,nan,11.138815571054295,370.1655945777893
hyper_cmp,jmk/arctic_a0067,0,True,4,2,500,7186,599.7161578592733,586.0871611880152,0.16112448006775285,11.78174300057367,444.39047718048096
hyper_cmp,jmk/arctic_a0067,0,True,5,2,500,6048,592.6748228429005,581.3301526224501,0.12761272638625212,9.581565120520509,435.8513174057007
hyper_cmp,jmk/arctic_a0067,0,True,6,2,500,4964,587.3017832618548,578.1218990760989,0.08832999255120792,7.40799507776444,421.97403955459595
hyper_cmp,jmk/arctic_a0067,0,True,7,2,500,4912,580.4471697566926,571.3058730676945,0.09335409442779764,6.839769288803382,453.5755286216736
hyper_cmp,jmk/arctic_a0067,0,True,8,2,500,8808,616.1794428796532,599.3062892924747,0.1983166041198027,14.898439353174581,1115.757420539856
hyper_cmp,jmk/arctic_a0067,0,True,9,2,500,8219,618.2437267275141,602.5370658414066,0.18591349682384106,13.681512085844702,1219.0179648399353
hyper_cmp,jmk/arctic_a0067,0,True,10,2,500,7721,609.7023198917873,594.99356396113,nan,12.663992485698145,1210.0744848251343
hyper_cmp,jmk/arctic_a0067,0,True,0,3,500,6060,-135.6185046603572,-147.21290822133565,0.11384437182918752,7.411081013181047,178.52466583251953
hyper_cmp,jmk/arctic_a0067,0,True,1,3,500,9926,-121.39520051055345,-140.65845884324546,0.2270281057294874,15.296625479069348,371.00688767433167
hyper_cmp,jmk/arctic_a0067,0,True,2,3,500,12387,294.88423957200206,270.72394175292715,0.27060343414466836,20.354839885985598,532.7852129936218
hyper_cmp,jmk/arctic_a0067,0,True,3,3,500,8927,587.6152913793131,570.3864132540762,0.20329666461584875,14.164230557368683,459.61973214149475
hyper_cmp,jmk/arctic_a0067,0,True,4,3,500,7796,600.1020382605077,585.0371491644198,0.17154529519265166,10.423376562984686,533.2467129230499
hyper_cmp,jmk/arctic_a0067,0,True,5,3,500,10779,643.9788902506236,623.1158455426446,0.23822248101729704,18.40380818600454,904.9896454811096
hyper_cmp,jmk/arctic_a0067,0,True,6,3,500,10292,639.0069258951982,619.1051005993066,0.23216851686693854,17.223210315445044,1075.127919435501
hyper_cmp,jmk/arctic_a0067,0,True,7,3,500,11923,667.5690931952654,644.4078345099967,0.26028618276730364,20.384193646781114,1507.8351974487305
hyper_cmp,jmk/arctic_a0067,0,True,8,3,500,11770,670.5857468649413,647.7029149644421,0.2536500149528046,20.01363300540629,1746.7592189311981
hyper_cmp,jmk/arctic_a0067,0,True,9,3,500,11770,674.3114205635369,651.4406592322003,0.25562326822506376,20.081362540133227,1953.8933460712433
hyper_cmp,jmk/arctic_a0067,0,True,10,3,500,11472,668.5957249802011,646.3125202663872,0.2496706739723711,19.38074084353002,2205.814082145691
hyper_cmp,jmk/arctic_a0067,0,True,0,4,500,11266,-125.02200842901843,-146.9512169077223,nan,16.645284644053504,357.0397961139679
hyper_cmp,jmk/arctic_a0067,0,True,1,4,500,19208,-87.72903159394315,-125.58752021129628,nan,32.460205679888105,769.7534184455872
hyper_cmp,jmk/arctic_a0067,0,True,2,4,500,13173,559.2663287249815,533.5212572006766,nan,21.77704989052654,597.8201005458832
hyper_cmp,jmk/arctic_a0067,0,True,3,4,500,9415,587.0788802082526,568.7676072885803,nan,11.918737310000779,547.1554925441742
hyper_cmp,jmk/arctic_a0067,0,True,4,4,500,10743,601.470755834854,580.4519270740117,0.20262124378185992,11.86739466786048,806.3154480457306
hyper_cmp,jmk/arctic_a0067,0,True,5,4,500,12521,646.2690833600693,621.8113729000817,0.27049979335566804,19.85643247939072,1123.6398425102234
hyper_cmp,jmk/arctic_a0067,0,True,6,4,500,13790,698.7671539952009,671.8171382452933,nan,23.338770307737605,1661.6997485160828
hyper_cmp,jmk/arctic_a0067,0,True,7,4,500,13561,688.4863680806872,661.9359198947268,1.9053641054174757e+140,21.971878117028155,1942.6275169849396
hyper_cmp,jmk/arctic_a0067,0,True,8,4,500,15461,726.7343050465814,696.4261628582038,nan,26.431991396911258,2434.804944038391
hyper_cmp,jmk/arctic_a0067,0,True,9,4,500,15359,751.3545510291215,721.269399923477,0.3088963675894621,26.570374354890305,2645.602385997772
hyper_cmp,jmk/arctic_a0067,0,True,10,4,500,15106,743.9502184405148,714.3650206963124,52.23200505872401,25.98405442135686,3000.9878165721893
hyper_cmp,jmk/arctic_a0067,0,True,0,5,500,12491,-130.16975787825677,-154.67567147245032,0.2792372288966514,14.66790255670989,477.00806999206543
hyper_cmp,jmk/arctic_a0067,0,True,1,5,500,27797,-23.637114133149225,-78.64038483709695,0.4468002394956132,49.51523563112359,1203.4342668056488
hyper_cmp,jmk/arctic_a0067,0,True,2,5,500,15475,566.4378629350423,535.995600251294,nan,22.45188327858716,790.3025894165039
hyper_cmp,jmk/arctic_a0067,0,True,3,5,500,10379,582.3820496662008,562.1595145599422,0.2514010143631759,13.714200072606445,628.3408195972443
hyper_cmp,jmk/arctic_a0067,0,True,4,5,500,18486,706.8120155557217,670.3817446400905,nan,29.145774385994514,1724.670972585678
hyper_cmp,jmk/arctic_a0067,0,True,5,5,500,18433,773.9471910628633,737.6730918961581,0.34886002823982976,31.91532814695779,1914.634248495102
hyper_cmp,jmk/arctic_a0067,0,True,6,5,500,17299,779.9111615862449,745.9163470350059,0.33341312134949835,29.761617449665437,2061.5573258399963
hyper_cmp,jmk/arctic_a0067,0,True,7,5,500,16877,772.1251357649965,738.9331915287377,0.3237393168046113,28.114040465694643,2061.2819633483887
hyper_cmp,jmk/arctic_a0067,0,True,8,5,500,16787,767.1648606159955,734.1694461908766,nan,28.23100891497313,2319.7635004520416
hyper_cmp,jmk/arctic_a0067,0,True,9,5,500,17679,788.3371328633639,753.5309601007539,2566.115575403064,29.962362465576007,2199.4091708660126
hyper_cmp,jmk/arctic_a0067,0,True,10,5,500,15799,785.1093365529428,754.1046794545363,15952.255416536835,26.882764961360976,1904.4229636192322
hyper_cmp,rms/arctic_a0382,0,False,0,1,500,3875,-6.714542132370568,-13.614603948546117,0.1541823044415454,5.865684277389972,53.290528535842896
hyper_cmp,rms/arctic_a0382,0,False,1,1,500,3860,-17.98707648114289,-24.864223100352074,0.1537505689606304,5.843261337652891,79.10172438621521
hyper_cmp,rms/arctic_a0382,0,False,2,1,500,4128,99.94669260500936,92.54243851337188,0.15979645262063624,6.418094715302601,106.0305483341217
hyper_cmp,rms/arctic_a0382,0,False,3,1,500,4296,123.2389589613081,115.49536506310002,0.16479148021683526,6.70609003654404,148.7673397064209
hyper_cmp,rms/arctic_a0382,0,False,4,1,500,4345,175.20744472141033,167.36184671030318,0.16596299689659233,6.810521982593656,183.8961410522461
hyper_cmp,rms/arctic_a0382,0,False,5,1,500,4497,181.01422206381642,172.87578888309687,0.1689217827946503,7.1441025012252055,240.05265522003174
hyper_cmp,rms/arctic_a0382,0,False,6,1,500,4560,250.5304801636899,242.26105224729704,0.17027120261753811,7.278486638709268,309.19379019737244
hyper_cmp,rms/arctic_a0382,0,False,7,1,500,4595,246.9984042461088,238.64887403451624,0.1721273515352339,7.288783527317747,363.26151752471924
hyper_cmp,rms/arctic_a0382,0,False,8,1,500,4566,242.00085379696597,233.71929759045614,0.17052563244662788,7.2849736878435465,423.47602224349976
hyper_cmp,rms/arctic_a0382,0,False,9,1,500,4277,271.9001759238675,264.19411737432495,0.16345630893358287,6.718982511502077,439.9693694114685
hyper_cmp,rms/arctic_a0382,0,False,10,1,500,4233,267.8482367757294,260.23357667592427,0.1623704330864092,6.628141608550834,508.770174741745
hyper_cmp,rms/arctic_a0382,0,False,0,2,500,7296,-2.977688133596141,-16.920722059235857,0.23748489824024757,11.056009936805893,146.58028054237366
hyper_cmp,rms/arctic_a0382,0,False,1,2,500,7263,-13.804115186235848,-27.66782553182455,0.23877451642997066,11.02211407289008,192.59514951705933
hyper_cmp,rms/arctic_a0382,0,False,2,2,500,6050,100.26250302350623,88.92033784336533,0.21053553119780796,9.582359124000803,198.36942148208618
hyper_cmp,rms/arctic_a0382,0,False,3,2,500,8505,137.76333259631684,121.4217111193722,0.2606265940414288,13.529111945305559,355.3819754123688
hyper_cmp,rms/arctic_a0382,0,False,4,2,500,6734,191.93031691446032,179.1977239686439,0.2238966095092395,10.827329790340826,346.29323053359985
hyper_cmp,rms/arctic_a0382,0,False,5,2,500,7593,217.74554589022785,203.29561828780425,0.2399680474936164,12.421937963429656,482.2236626148224
hyper_cmp,rms/arctic_a0382,0,False,6,2,500,7250,283.17276308656534,269.39099397394915,0.2336214131693211,11.736251145511233,576.8210680484772
hyper_cmp,rms/arctic_a0382,0,False,7,2,500,7190,290.77961901458684,277.12867834556044,0.2326002382437591,11.665348356421532,664.5185995101929
hyper_cmp,rms/arctic_a0382,0,False,8,2,500,7668,308.0870193175137,293.48475155790237,0.23983980380710393,12.681207390024554,807.5573282241821
hyper_cmp,rms/arctic_a0382,0,False,9,2,500,7738,332.82397878349104,318.0696953513935,0.24293324899708324,12.65677365769534,1000.3236951828003
hyper_cmp,rms/arctic_a0382,0,False,10,2,500,7749,328.7251923842103,313.9702799369983,0.24271196027436684,12.793416685178897,1166.7666501998901
hyper_cmp,rms/arctic_a0382,0,False,0,3,500,9403,-10.357858132152659,-28.677200996817714,0.27497820873259265,12.064554338088765,225.47864484786987
hyper_cmp,rms/arctic_a0382,0,False,1,3,500,8223,-23.651965514810954,-39.504001949004646,0.25594470396109165,12.091415682065811,267.9172842502594
hyper_cmp,rms/arctic_a0382,0,False,2,3,500,8841,98.83103388438941,81.8102156433348,0.26516086794646415,14.185872972744363,344.51020407676697
hyper_cmp,rms/arctic_a0382,0,False,3,3,500,11058,134.37542945741814,112.86635155033943,0.3008442459255014,17.76790295307859,522.3302025794983
hyper_cmp,rms/arctic_a0382,0,False,4,3,500,9294,194.16540435342057,176.20780210813962,0.27348702471282443,14.667729582025942,536.7629346847534
hyper_cmp,rms/arctic_a0382,0,False,5,3,500,9979,222.71168643342708,203.37151577591536,0.28024244327993303,16.031091675232318,705.1461007595062
hyper_cmp,rms/arctic_a0382,0,False,6,3,500,10385,306.3336055926453,286.21831192965163,0.28878510856583584,16.998564053568714,935.0020267963409
hyper_cmp,rms/arctic_a0382,0,False,7,3,500,10449,316.236043527742,295.98798100650197,0.28917506621377626,17.25763861387287,1068.8406777381897
hyper_cmp,rms/arctic_a0382,0,False,8,3,500,10791,339.1357238040611,318.21999096608937,0.29302112284774917,18.08436136006833,1247.014019727707
hyper_cmp,rms/arctic_a0382,0,False,9,3,500,11115,380.91611085079137,359.35629292428683,0.29742392929239075,18.70980017419521,1557.7536089420319
hyper_cmp,rms/arctic_a0382,0,False,10,3,500,10924,372.8193835592308,351.63276114876226,0.29386055017208446,18.248661098279,1795.3307054042816
hyper_cmp,rms/arctic_a0382,0,False,0,4,500,12836,-7.196576719013258,-32.34094615823552,0.31930499986138455,19.069436730471217,379.39808654785156
hyper_cmp,rms/arctic_a0382,0,False,1,4,500,12739,-18.56788975770471,-43.485794297134646,0.32794846963703583,19.263332765939996,487.6847999095917
hyper_cmp,rms/arctic_a0382,0,False,2,4,500,12163,93.33299673232244,69.57472300390985,0.31785660439290964,18.284166165867234,556.8298728466034
hyper_cmp,rms/arctic_a0382,0,False,3,4,500,13313,127.20991103386626,101.19569853902652,0.33699772612074896,21.341574347013378,677.7932360172272
hyper_cmp,rms/arctic_a0382,0,False,4,4,500,11021,181.19984357245707,159.72391025209646,0.29307335541860946,17.069254208145253,677.1103475093842
hyper_cmp,rms/arctic_a0382,0,False,5,4,500,11427,209.62569126492357,187.3176376087151,0.300579061457546,17.434727129550765,794.2354695796967
hyper_cmp,rms/arctic_a0382,0,False,6,4,500,13261,300.14192670535743,274.1797415570319,0.3237636885384459,20.91927416412085,1184.1385397911072
hyper_cmp,rms/arctic_a0382,0,False,7,4,500,13333,309.8039945442748,283.7504856940099,0.3352707438761793,21.535327940899037,1362.3455526828766
hyper_cmp,rms/arctic_a0382,0,False,8,4,500,14176,332.69709752792517,304.91948730888396,0.34043514654254997,22.30447733967202,1671.1244535446167
hyper_cmp,rms/arctic_a0382,0,False,9,4,500,14953,387.85236510887086,358.5588720281851,0.35119584268403337,25.062465700539803,2076.5603280067444
hyper_cmp,rms/arctic_a0382,0,False,10,4,500,14691,383.45549694162037,354.66611874323524,0.34453811617190355,24.680581656836125,2353.483976840973
hyper_cmp,rms/arctic_a0382,0,False,0,5,500,15901,-9.522371500665109,-40.763700997885806,0.36499341226339876,25.476683324405045,582.9166631698608
hyper_cmp,rms/arctic_a0382,0,False,1,5,500,13335,-26.21522333415465,-52.35605583506632,0.3192136722508464,20.02349696736345,544.3007786273956
hyper_cmp,rms/arctic_a0382,0,False,2,5,500,17482,95.47489415379411,60.97718467843993,0.33322536461012886,23.08421164419932,921.7528419494629
hyper_cmp,rms/arctic_a0382,0,False,3,5,500,15480,121.5248384420365,91.09319693146391,0.3574816012817721,23.829158436119826,884.503561258316
hyper_cmp,rms/arctic_a0382,0,False,4,5,500,15974,182.85277855100477,151.40791596313574,0.35450783873889374,24.25892514121142,1154.6211080551147
hyper_cmp,rms/arctic_a0382,0,False,5,5,500,14650,207.77173087844147,178.9938164025486,0.33703586416309167,23.456875471394852,1164.3702318668365
hyper_cmp,rms/arctic_a0382,0,False,6,5,500,15707,294.14978911703423,263.31728837122864,0.3588710036976145,25.93107196950581,1511.7422153949738
hyper_cmp,rms/arctic_a0382,0,False,7,5,500,14875,302.8326972171886,273.669397790785,0.344876835857861,24.78188951552079,1566.7278707027435
hyper_cmp,rms/arctic_a0382,0,False,8,5,500,15718,326.1628562033711,295.32155006304373,0.3562601658941326,26.5059843211356,1983.3279056549072
hyper_cmp,rms/arctic_a0382,0,False,9,5,500,16327,376.20270797467344,344.1585136205898,0.36598352051334676,27.790549172200826,2332.766176700592
hyper_cmp,rms/arctic_a0382,0,False,10,5,500,17131,372.4636119408514,338.7219777503902,0.3649725835360412,27.886881345735333,2911.879993915558
hyper_cmp,rms/arctic_a0382,0,True,0,1,500,3815,-6.714725260851052,-13.498257867748002,nan,5.7598685385792905,74.11841869354248
hyper_cmp,rms/arctic_a0382,0,True,1,1,500,3832,-17.98014220966716,-24.788233841171945,nan,5.831344601645586,103.46195769309998
hyper_cmp,rms/arctic_a0382,0,True,2,1,500,4299,99.94695733942538,92.19849436792921,nan,6.726374525151684,149.26571106910706
hyper_cmp,rms/arctic_a0382,0,True,3,1,500,4238,123.23786764040483,115.61005927537775,nan,6.624779530084581,184.01048469543457
hyper_cmp,rms/arctic_a0382,0,True,4,1,500,4622,175.20729492588458,166.80676751084502,0.04712930213975411,7.346292963420154,259.8457922935486
hyper_cmp,rms/arctic_a0382,0,True,5,1,500,4542,181.01314943157433,172.78672592653479,0.03398540640929156,7.254940666917236,307.3209068775177
hyper_cmp,rms/arctic_a0382,0,True,6,1,500,4756,250.52966213624904,241.8679966795444,0.1750326103180027,7.65635411930532,396.4527938365936
hyper_cmp,rms/arctic_a0382,0,True,7,1,500,4670,246.99891941529552,238.50960354436242,0.04703273692703999,7.5017972381280345,435.9493761062622
hyper_cmp,rms/arctic_a0382,0,True,8,1,500,4727,242.00064125703665,233.39380422054924,0.052216903028278285,7.6116158482682295,519.8181676864624
hyper_cmp,rms/arctic_a0382,0,True,9,1,500,4586,271.90110211205126,263.57967598879105,0.03961927009617362,7.3307542276579625,579.4034867286682
hyper_cmp,rms/arctic_a0382,0,True,10,1,500,4483,267.84797800198066,259.7254610294697,0.03324633525102827,7.063044801987985,633.3480339050293
hyper_cmp,rms/arctic_a0382,0,True,0,2,500,8143,76.51819749815525,60.88318703655602,0.18742339556237786,12.833774090732888,234.806823015213
hyper_cmp,rms/arctic_a0382,0,True,1,2,500,8049,64.41364137803671,48.97497288100436,0.18747504976037313,12.709525892050635,281.98567843437195
hyper_cmp,rms/arctic_a0382,0,True,2,2,500,8757,159.03637838219723,142.1817908224044,0.20153098022521468,14.081765983529124,405.4526906013489
hyper_cmp,rms/arctic_a0382,0,True,3,2,500,8630,229.42493257154058,212.82265152211954,0.19858850246632173,13.847722927014331,435.99616718292236
hyper_cmp,rms/arctic_a0382,0,True,4,2,500,7842,228.99404502349438,213.97511122156874,nan,12.321752929232161,482.91702008247375
hyper_cmp,rms/arctic_a0382,0,True,5,2,500,6667,249.94467852713535,237.33114543865747,0.14928664124662086,10.554048733366102,496.38368225097656
hyper_cmp,rms/arctic_a0382,0,True,6,2,500,5845,283.2830266286852,272.3066078691318,0.12776762152132642,8.870625101756445,568.4510838985443
hyper_cmp,rms/arctic_a0382,0,True,7,2,500,7286,290.73357968276184,276.900701204667,0.16392840605215173,11.892325023966805,834.9871172904968
hyper_cmp,rms/arctic_a0382,0,True,8,2,500,9173,308.0828117463404,290.48467517144275,0.20402916067583704,15.743806535025499,1231.1877536773682
hyper_cmp,rms/arctic_a0382,0,True,9,2,500,8752,332.86622132813494,316.08521021612415,0.20860277579447023,14.700391435612232,1337.1647481918335
hyper_cmp,rms/arctic_a0382,0,True,10,2,500,8261,328.73699423726737,312.94139945375485,0.18823448525850256,13.734526270973902,1433.7977583408356
hyper_cmp,rms/arctic_a0382,0,True,0,3,500,9285,126.04671268546,108.12021200715164,0.21814198209250785,14.817902472758618,304.43180680274963
hyper_cmp,rms/arctic_a0382,0,True,1,3,500,9499,113.53774186556817,95.1821723264812,0.22026725257628477,15.148817742499617,395.0190382003784
hyper_cmp,rms/arctic_a0382,0,True,2,3,500,10994,266.49234736290737,245.11142967338108,0.24269941548837617,17.83197934878453,521.5280606746674
hyper_cmp,rms/arctic_a0382,0,True,3,3,500,7986,303.45422274770067,288.1090046205476,0.18676131669969337,12.130848080356316,501.03444838523865
hyper_cmp,rms/arctic_a0382,0,True,4,3,500,7488,294.0711547371088,279.72910275473754,nan,11.223677517413819,548.4823441505432
hyper_cmp,rms/arctic_a0382,0,True,5,3,500,6901,286.4024088790694,273.22956336066466,0.16394538035336814,9.872650895335994,577.0871851444244
hyper_cmp,rms/arctic_a0382,0,True,6,3,500,10093,340.38008619646797,320.85431041544865,0.22658281555245097,16.706620082868653,1058.75133395195
hyper_cmp,rms/arctic_a0382,0,True,7,3,500,9985,340.95669336790803,321.6490093471395,0.22702884695291928,16.315099208951267,1290.8353340625763
hyper_cmp,rms/arctic_a0382,0,True,8,3,500,9154,336.8459782181496,319.20672749766493,3.178180567944316,14.745123398653107,1310.8572585582733
hyper_cmp,rms/arctic_a0382,0,True,9,3,500,11655,380.901948183557,358.2792593293765,nan,19.902289328983045,1925.5779538154602
hyper_cmp,rms/arctic_a0382,0,True,10,3,500,11298,372.8176816905077,350.8798334854529,nan,18.98136512602065,2046.416315793991
hyper_cmp,rms/arctic_a0382,0,True,0,4,500,17749,227.21131134670395,192.2524352834592,0.33084061689339356,29.49857201812503,570.6230618953705
hyper_cmp,rms/arctic_a0382,0,True,1,4,500,15820,214.97181095197686,183.92021176745143,nan,26.468618272093636,633.8171148300171
hyper_cmp,rms/arctic_a0382,0,True,2,4,500,14683,338.6356822842842,309.88211705192447,0.2955511916916214,25.21425091171625,747.6902270317078
hyper_cmp,rms/arctic_a0382,0,True,3,4,500,9262,303.7604819322038,285.80469830866934,0.215145216871176,13.258523927600379,607.1080586910248
hyper_cmp,rms/arctic_a0382,0,True,4,4,500,11315,352.29685651106666,330.28856744124846,nan,18.354268684336887,920.0527379512787
hyper_cmp,rms/arctic_a0382,0,True,5,4,500,10924,345.55839738235545,324.34598236213947,0.29932190631033734,17.765309981089104,1029.1147513389587
hyper_cmp,rms/arctic_a0382,0,True,6,4,500,13544,397.08212176048664,370.5945734986265,0.3644963328988607,22.61672723123729,1536.7018275260925
hyper_cmp,rms/arctic_a0382,0,True,7,4,500,12279,389.2908569999602,365.3409391974636,0.9960881691862633,20.142717874436983,1668.8915541172028
hyper_cmp,rms/arctic_a0382,0,True,8,4,500,11780,385.95744324862295,363.0069689781214,38.439425809259475,19.285990013804735,1793.2513914108276
hyper_cmp,rms/arctic_a0382,0,True,9,4,500,14461,385.6919013634591,357.31194988766066,nan,21.224469864825778,2684.505439758301
hyper_cmp,rms/arctic_a0382,0,True,10,4,500,18508,434.15834243106667,397.79600065190584,nan,32.99610069672599,3410.321828842163
hyper_cmp,rms/arctic_a0382,0,True,0,5,500,14521,256.5021293084051,228.03138194393966,1.9053641054174757e+140,23.412655465033225,538.3539073467255
hyper_cmp,rms/arctic_a0382,0,True,1,5,500,14607,243.05832180552454,214.39693270092062,1.9053641054174757e+140,23.636566253041934,655.6741576194763
hyper_cmp,rms/arctic_a0382,0,True,2,5,500,12990,286.5070009046856,261.0470199097593,nan,17.855741691347532,734.8415451049805
hyper_cmp,rms/arctic_a0382,0,True,3,5,500,15096,415.38633911852025,385.8026072030238,1.9053641054174757e+140,25.474562102824166,1154.9903960227966
hyper_cmp,rms/arctic_a0382,0,True,4,5,500,15101,404.76115282201874,375.13494974669663,1.9053641054174757e+140,24.97335578286186,1359.4964435100555
hyper_cmp,rms/arctic_a0382,0,True,5,5,500,13735,399.2276626544846,372.35547435280284,nan,22.634320373447565,1442.6145558357239
hyper_cmp,rms/arctic_a0382,0,True,6,5,500,14662,397.82937604615114,369.02296841685074,nan,20.99159027892756,1795.254464149475
hyper_cmp,rms/arctic_a0382,0,True,7,5,500,14041,394.00371039415114,366.50932061385697,399.20598543713686,22.530424558541256,1817.4164018630981
hyper_cmp,rms/arctic_a0382,0,True,8,5,500,13478,395.69289581492137,369.3049063958049,nan,21.402273216396054,1560.7370173931122
hyper_cmp,rms/arctic_a0382,0,True,9,5,500,17089,445.85294483501946,412.28333097143286,14966062.040660994,29.481313221088783,1806.8316717147827
hyper_cmp,rms/arctic_a0382,0,True,10,5,500,17235,453.0308729769745,419.1440000560879,1.9053641054174757e+140,28.84041641881055,1878.6586573123932
hyper_cmp,slt/arctic_b0041,0,False,0,1,500,3573,-87.4550889690926,-93.74785409142349,0.1457627081814807,5.2803169228923394,43.57374954223633
hyper_cmp,slt/arctic_b0041,0,False,1,1,500,3561,-97.3796239191025,-103.65407623674247,0.14590075275998002,5.234976521751889,67.25183916091919
hyper_cmp,slt/arctic_b0041,0,False,2,1,500,3819,-37.790957824117896,-44.595897093486045,0.15399332058201182,5.6888077270710085,103.26826572418213
hyper_cmp,slt/arctic_b0041,0,False,3,1,500,3853,-24.790521834856712,-31.6509322615202,0.1529776238649338,5.856160900981838,129.76180148124695
hyper_cmp,slt/arctic_b0041,0,False,4,1,500,3827,-33.044389774716095,-39.856033368164184,0.15324941783513085,5.755240452791412,165.50136351585388
hyper_cmp,slt/arctic_b0041,0,False,5,1,500,3822,-37.44800406951821,-44.24851495353542,0.15344818044179084,5.727444810714104,199.95321679115295
hyper_cmp,slt/arctic_b0041,0,False,6,1,500,3753,-43.327143170603705,-49.98722800586046,0.15101052009255192,5.622993710763531,241.18660044670105
hyper_cmp,slt/arctic_b0041,0,False,7,1,500,3732,-41.676007555560396,-48.29137057308996,0.15091796261644438,5.554194760375992,282.6764874458313
hyper_cmp,slt/arctic_b0041,0,False,8,1,500,3549,-48.61139596250348,-54.8557111387322,0.14497134842755385,5.240693699479493,310.8218340873718
hyper_cmp,slt/arctic_b0041,0,False,9,1,500,3498,-55.69780618163661,-61.84943601277157,0.1441629036599343,5.104815019596444,350.14328837394714
hyper_cmp,slt/arctic_b0041,0,False,10,1,500,3480,-61.68536189939638,-67.8070385077664,0.1440221211479414,5.052690762663055,403.5029435157776
hyper_cmp,slt/arctic_b0041,0,False,0,2,500,7193,-27.84943014810043,-41.50873686409696,0.23346648579752838,11.557625604679707,159.23253750801086
hyper_cmp,slt/arctic_b0041,0,False,1,2,500,7142,-38.654968525102774,-52.20542024600665,0.23186737163429433,11.515621136571497,211.28103947639465
hyper_cmp,slt/arctic_b0041,0,False,2,2,500,8160,115.03506473233813,99.44757133807842,0.24833607595299434,13.563858012376528,302.187166929245
hyper_cmp,slt/arctic_b0041,0,False,3,2,500,8622,157.66357031151904,141.1554555652361,0.2560700629013219,14.514468542821021,407.9310920238495
hyper_cmp,slt/arctic_b0041,0,False,4,2,500,8574,150.64520904414394,134.2309077940832,0.2555580063226435,14.40417054265123,498.46134400367737
hyper_cmp,slt/arctic_b0041,0,False,5,2,500,8366,143.83870496936572,127.85188174287426,0.2520858697807331,14.067127286060028,573.1697351932526
hyper_cmp,slt/arctic_b0041,0,False,6,2,500,8420,134.17938973384295,118.07513454780167,0.25335667800153727,14.093366616368343,706.1183187961578
hyper_cmp,slt/arctic_b0041,0,False,7,2,500,8331,135.91053338886638,119.98824126197633,0.2522843442428407,13.911333472370842,821.3951728343964
hyper_cmp,slt/arctic_b0041,0,False,8,2,500,8473,133.12837171539925,116.91972904184618,0.2537163972858874,14.249802840871922,971.9165503978729
hyper_cmp,slt/arctic_b0041,0,False,9,2,500,8443,136.10407417064843,119.96458949042196,0.25326477406427794,14.201857104193579,1119.6959643363953
hyper_cmp,slt/arctic_b0041,0,False,10,2,500,8701,139.99181304546482,123.32838997003621,0.2569410887822136,14.674557016929626,1329.916893005371
hyper_cmp,slt/arctic_b0041,0,False,0,3,500,8206,-29.65068490194707,-45.472147978379084,0.2525083990149305,12.369246790366255,219.11017727851868
hyper_cmp,slt/arctic_b0041,0,False,1,3,500,8310,-40.34068207398222,-56.38610337259101,0.24787069829533892,12.47332744871889,308.82950949668884
hyper_cmp,slt/arctic_b0041,0,False,2,3,500,11123,125.14452654956673,103.5089329276413,0.3004004559253636,17.88526205678785,506.71755599975586
hyper_cmp,slt/arctic_b0041,0,False,3,3,500,9282,165.6319128076546,147.7025757581181,0.270261739902833,14.949435314187525,514.4272742271423
hyper_cmp,slt/arctic_b0041,0,False,4,3,500,10795,163.50953630128276,142.54266484790162,0.29548107903062343,17.153849804382872,760.3103909492493
hyper_cmp,slt/arctic_b0041,0,False,5,3,500,9812,153.15615679272213,134.10141481705216,0.2713954425745034,15.32039299690453,817.5074551105499
hyper_cmp,slt/arctic_b0041,0,False,6,3,500,9990,145.34203875743412,125.9251675079838,0.2805584924414034,15.144731560290253,950.7072150707245
hyper_cmp,slt/arctic_b0041,0,False,7,3,500,10249,169.38910514471888,149.56777857044142,0.2830078890812641,17.193043141403194,1076.3102431297302
hyper_cmp,slt/arctic_b0041,0,False,8,3,500,10743,164.25001789826348,143.441653170087,0.2901662451274738,18.106767532031853,1348.8174369335175
hyper_cmp,slt/arctic_b0041,0,False,9,3,500,10756,155.72098284395992,134.85050554774492,0.29779360204454025,17.193259607387006,1819.886536359787
hyper_cmp,slt/arctic_b0041,0,False,10,3,500,11480,161.6049990339913,139.31067681356652,0.3060398013188409,19.035200570303942,1928.7406101226807
hyper_cmp,slt/arctic_b0041,0,False,0,4,500,13244,-30.77677827432156,-56.79533746880258,0.315136296308941,17.306717088135763,426.1368052959442
hyper_cmp,slt/arctic_b0041,0,False,1,4,500,12224,-44.61844933966194,-68.49150251184746,0.33005471571404954,17.02584354529791,483.31317353248596
hyper_cmp,slt/arctic_b0041,0,False,2,4,500,13547,117.88230559270073,91.35088354882016,0.3321321832254376,21.469206048553204,622.8377547264099
hyper_cmp,slt/arctic_b0041,0,False,3,4,500,11256,154.7661696658759,132.85214605500934,0.30022086673157283,17.86194057324778,646.7120480537415
hyper_cmp,slt/arctic_b0041,0,False,4,4,500,15029,159.0258814273988,129.52659059108143,0.34226666308784603,24.06296754787934,1073.7096650600433
hyper_cmp,slt/arctic_b0041,0,False,5,4,500,13757,148.5630439113712,121.62733464047658,0.33861294841701756,21.81356004527545,1066.7572665214539
hyper_cmp,slt/arctic_b0041,0,False,6,4,500,13168,141.31278736096777,115.50685291132946,0.32397704477455647,20.25410661442261,1343.6009175777435
hyper_cmp,slt/arctic_b0041,0,False,7,4,500,13624,164.43308505806849,137.7895989762872,0.3314194157941197,22.60229148671047,1566.6708402633667
hyper_cmp,slt/arctic_b0041,0,False,8,4,500,13354,159.51198339508983,133.38218716684722,0.3271640850617662,21.78944874225192,1554.1289660930634
hyper_cmp,slt/arctic_b0041,0,False,9,4,500,12949,150.61903882866164,125.30754938957675,0.3237321223541525,21.046598818175383,1925.5348508358002
hyper_cmp,slt/arctic_b0041,0,False,10,4,500,14786,154.3854469884982,125.35902925080246,0.3561931774570904,21.22169382193384,2433.9941053390503
hyper_cmp,slt/arctic_b0041,0,False,0,5,500,15288,-29.57176067002504,-59.636314259821816,0.3511668576434009,22.775444946081784,570.2029254436493
hyper_cmp,slt/arctic_b0041,0,False,1,5,500,14413,-41.00603161637588,-69.29707998530097,0.343612428740246,22.078601129320255,764.0441708564758
hyper_cmp,slt/arctic_b0041,0,False,2,5,500,14518,107.61788058467069,79.0889204632457,0.3258461289058171,22.470109400869703,922.327342748642
hyper_cmp,slt/arctic_b0041,0,False,3,5,500,15261,154.5722220635058,124.62327210229819,0.34971661923971015,25.208052538876473,998.7637648582458
hyper_cmp,slt/arctic_b0041,0,False,4,5,500,15688,149.8536130424061,118.98790529875424,0.35279986178927664,24.017044873853308,1396.373872756958
hyper_cmp,slt/arctic_b0041,0,False,5,5,500,14141,139.66955881442055,111.99045251728487,0.33841505602442934,23.62096899061882,1407.0272462368011
hyper_cmp,slt/arctic_b0041,0,False,6,5,500,13773,130.4663335767168,103.47903228539805,0.32734267413623996,22.153280269817955,1411.2478902339935
hyper_cmp,slt/arctic_b0041,0,False,7,5,500,15374,155.88023923145659,125.69586590202145,0.35672568984511227,24.75431250894316,1757.332646369934
hyper_cmp,slt/arctic_b0041,0,False,8,5,500,15930,150.01407252951608,118.68640125148055,0.365559548595327,24.758345065222656,2119.1929919719696
hyper_cmp,slt/arctic_b0041,0,False,9,5,500,16003,141.82035192721213,110.37259233201617,0.3638100580380773,25.573838746156994,2540.9590950012207
hyper_cmp,slt/arctic_b0041,0,False,10,5,500,14290,140.03721147305035,111.99780628610792,0.32601506971634975,23.33883618986765,2738.9365949630737
hyper_cmp,slt/arctic_b0041,0,True,0,1,500,3953,-87.45534537757972,-94.51622842375454,nan,6.016327336412118,87.46380543708801
hyper_cmp,slt/arctic_b0041,0,True,1,1,500,3881,-97.37731010446392,-104.29443555471877,0.15429931917381295,5.884930326512176,100.72754406929016
hyper_cmp,slt/arctic_b0041,0,True,2,1,500,4205,-37.79159640646282,-45.35730826608722,0.16348021805802895,6.475445724902286,156.11365914344788
hyper_cmp,slt/arctic_b0041,0,True,3,1,500,4202,-24.790819350621028,-32.35157280982184,nan,6.503257772933676,178.04546523094177
hyper_cmp,slt/arctic_b0041,0,True,4,1,500,4186,-33.04524712195674,-40.570037071541094,nan,6.49597345495981,215.07548236846924
hyper_cmp,slt/arctic_b0041,0,True,5,1,500,4124,-37.44669751605777,-44.846215673279076,nan,6.369764212175021,253.45595264434814
hyper_cmp,slt/arctic_b0041,0,True,6,1,500,4055,-43.32719655652081,-50.587182972595784,0.1582642468019794,6.2556712671124615,291.8404848575592
hyper_cmp,slt/arctic_b0041,0,True,7,1,500,4089,-41.67573771112383,-49.006082734947334,nan,6.285735205254838,338.80149126052856
hyper_cmp,slt/arctic_b0041,0,True,8,1,500,3951,-48.609341353551265,-55.66519295274715,nan,5.997204556776836,381.4217777252197
hyper_cmp,slt/arctic_b0041,0,True,9,1,500,3873,-55.70104141173972,-62.6015446193525,nan,5.861823630878604,430.6681933403015
hyper_cmp,slt/arctic_b0041,0,True,10,1,500,3804,-61.686139498215056,-68.446104153216,nan,5.745820273954543,483.6223783493042
hyper_cmp,slt/arctic_b0041,0,True,0,2,500,7797,-27.84489129289812,-42.70567864789938,nan,12.889197612405823,233.52565622329712
hyper_cmp,slt/arctic_b0041,0,True,1,2,500,7799,-38.64830384220591,-53.51174627071122,0.17736651939853507,12.861025507632561,291.4211254119873
hyper_cmp,slt/arctic_b0041,0,True,2,2,500,8951,115.03037765860432,97.8683113507397,nan,15.240638539396741,421.80182576179504
hyper_cmp,slt/arctic_b0041,0,True,3,2,500,9049,157.70477729587702,140.3357882833388,0.2022302739376224,15.412376765158484,499.81268668174744
hyper_cmp,slt/arctic_b0041,0,True,4,2,500,9137,150.61936986916038,133.08555969824533,nan,15.548056761416746,610.2182724475861
hyper_cmp,slt/arctic_b0041,0,True,5,2,500,9086,143.88302246310644,126.43696650482553,nan,15.369715176984215,722.1269841194153
hyper_cmp,slt/arctic_b0041,0,True,6,2,500,9057,134.22068313126076,116.83499543459911,0.20335700513539984,15.343777933277352,825.7520525455475
hyper_cmp,slt/arctic_b0041,0,True,7,2,500,9057,135.93458967552317,118.54760219118405,0.20426646342290078,15.289820916583764,982.7172195911407
hyper_cmp,slt/arctic_b0041,0,True,8,2,500,9267,133.11299190331044,115.31518993351825,0.2081062045031981,15.768937828462825,1169.2666726112366
hyper_cmp,slt/arctic_b0041,0,True,9,2,500,9176,136.09649275097024,118.47836700212856,0.20578410590266577,15.658099831398872,1357.828518152237
hyper_cmp,slt/arctic_b0041,0,True,10,2,500,9247,139.99583201745497,122.24202484709649,0.2788221517873884,15.807520771151601,1493.3751547336578
hyper_cmp,slt/arctic_b0041,0,True,0,3,500,10425,-17.18993170641577,-37.403874651417006,0.23604197741620014,16.82185968931157,402.7622928619385
hyper_cmp,slt/arctic_b0041,0,True,1,3,500,10566,-20.88602616020093,-41.36634737320973,0.23940221162719189,17.36447903321808,489.110392332077
hyper_cmp,slt/arctic_b0041,0,True,2,3,500,10677,134.14859473356458,113.46198747104665,0.23777065069154793,17.934225686483643,632.6011998653412
hyper_cmp,slt/arctic_b0041,0,True,3,3,500,10221,166.31845804704642,146.47868724589006,nan,16.533889763436804,702.1209518909454
hyper_cmp,slt/arctic_b0041,0,True,4,3,500,11207,168.9571159020864,147.2223801382127,0.24647757579245766,18.96724510918284,929.0244867801666
hyper_cmp,slt/arctic_b0041,0,True,5,3,500,11006,161.7542939011817,140.39337565947855,0.24050219144517754,18.430304339551753,1082.5708420276642
hyper_cmp,slt/arctic_b0041,0,True,6,3,500,10941,164.8713024934549,143.65190748600781,0.2432949538041707,18.40578803925723,1225.0350935459137
hyper_cmp,slt/arctic_b0041,0,True,7,3,500,10912,169.25118675767823,148.10692330486967,0.2435027172731523,18.406623493028093,1438.785401582718
hyper_cmp,slt/arctic_b0041,0,True,8,3,500,10480,164.2654598378689,143.96828189742547,0.3676824787029262,17.45432847907327,1573.3535470962524
hyper_cmp,slt/arctic_b0041,0,True,9,3,500,10281,155.87806941121852,135.9755761925452,nan,17.020710742802436,1820.6292259693146
hyper_cmp,slt/arctic_b0041,0,True,10,3,500,9739,154.99917075177882,136.19088055178125,nan,16.100358025068232,1842.7383370399475
hyper_cmp,slt/arctic_b0041,0,True,0,4,500,11165,-17.911132386167267,-39.67609983619757,nan,17.082263570007235,501.7406761646271
hyper_cmp,slt/arctic_b0041,0,True,1,4,500,12725,-17.640249210405337,-42.57999308429283,0.27397089248776463,17.684071533345033,635.2113990783691
hyper_cmp,slt/arctic_b0041,0,True,2,4,500,10954,140.40924303108727,119.09648116434086,nan,17.69839033892093,746.4277226924896
hyper_cmp,slt/arctic_b0041,0,True,3,4,500,12240,184.30190981397027,160.43407212401678,0.26592815776116846,20.120034370538633,1108.1229238510132
hyper_cmp,slt/arctic_b0041,0,True,4,4,500,11772,183.2046995934214,160.24389473234413,0.2511652687551243,18.970286241258748,1154.1975235939026
hyper_cmp,slt/arctic_b0041,0,True,5,4,500,11665,177.7961923388458,155.0673974203029,nan,19.01602224852249,1338.3216307163239
hyper_cmp,slt/arctic_b0041,0,True,6,4,500,13420,182.3867637122175,156.16547552654623,nan,22.449829045113233,1785.8653044700623
hyper_cmp,slt/arctic_b0041,0,True,7,4,500,13370,200.80460811220652,174.67674652867103,nan,22.60857523086588,1940.6709160804749
hyper_cmp,slt/arctic_b0041,0,True,8,4,500,11953,183.94170679067645,160.64836847883217,nan,19.68586094979898,1973.9254310131073
hyper_cmp,slt/arctic_b0041,0,True,9,4,500,11041,175.55695369320938,154.10451418973872,nan,18.03613803485044,2023.472972869873
hyper_cmp,slt/arctic_b0041,0,True,10,4,500,10936,169.98286679581275,148.7060884414117,nan,17.448982496017322,2204.2788898944855
hyper_cmp,slt/arctic_b0041,0,True,0,5,500,11483,-22.378894414889036,-44.803237943521324,0.2708737410285551,16.205450217209695,685.6885313987732
hyper_cmp,slt/arctic_b0041,0,True,1,5,500,12489,-20.70287390085995,-45.12339262087188,0.275445687049808,19.05641772106712,717.7811789512634
hyper_cmp,slt/arctic_b0041,0,True,2,5,500,18293,170.62143236690778,134.60239505420887,1.9053641054174757e+140,31.011655855749098,1302.6409735679626
hyper_cmp,slt/arctic_b0041,0,True,3,5,500,12914,203.86318524986584,178.62857505564267,0.280109155603481,21.07414582815619,1057.7410514354706
hyper_cmp,slt/arctic_b0041,0,True,4,5,500,12795,197.3096486301849,172.31479245433235,0.31832412276028416,20.829762259281523,1219.9428582191467
hyper_cmp,slt/arctic_b0041,0,True,5,5,500,13790,197.96969969091288,170.9464514481293,36.94821932082966,22.220118718744715,1468.4047222137451
hyper_cmp,slt/arctic_b0041,0,True,6,5,500,12932,193.22703540852177,167.9406925910232,172.58830901035262,20.687047127648043,1478.7184579372406
hyper_cmp,slt/arctic_b0041,0,True,7,5,500,16666,232.4781064118814,199.70844803078543,292075.87948142015,28.213879848367696,1624.5801184177399
hyper_cmp,slt/arctic_b0041,0,True,8,5,500,13635,188.667074028809,161.97518016506766,nan,22.400651438530076,1431.1982748508453
hyper_cmp,slt/arctic_b0041,0,True,9,5,500,11997,181.19472713745927,157.80347910726755,193574.41092963377,19.499210101707405,1438.9472107887268
hyper_cmp,slt/arctic_b0041,0,True,10,5,500,15716,219.58123413859036,188.76840927393087,457714.4077940867,27.021652244955334,1729.5297021865845
