file,runid,new,P,Q,nlive,niter,logl,logz,logzerr,information,walltime
awb/arctic_a0094,0,False,0,1,500,3847,-56.327443052457426,-63.175697812323435,0.15331445949330227,5.814687480597293,51.21128487586975
awb/arctic_a0094,0,False,1,1,500,3814,-66.70692385187988,-73.49048670611808,0.15265686009819734,5.74054564795081,73.62639546394348
awb/arctic_a0094,0,False,2,1,500,4002,-12.074026524646062,-19.222238167347495,0.15646240072374754,6.165786401200375,106.94793438911438
awb/arctic_a0094,0,False,3,1,500,4478,108.80859838569812,100.69735667150043,0.16899777718955852,7.072670571751772,161.20200729370117
awb/arctic_a0094,0,False,4,1,500,4450,121.63230114347868,113.57988290132889,0.16887357358591212,6.989440680894873,194.6020896434784
awb/arctic_a0094,0,False,5,1,500,4388,113.1698817100149,105.2378732012658,0.16717153056077014,6.880900307549794,236.07013368606567
awb/arctic_a0094,0,False,6,1,500,4430,105.45765205048812,97.44437717167915,0.1683735506465379,6.946512190223075,295.9803192615509
awb/arctic_a0094,0,False,7,1,500,3909,126.17389832493811,119.20652123569033,0.154574846663946,5.961406270225453,283.76891469955444
awb/arctic_a0094,0,False,8,1,500,3513,125.31895985049158,119.13884839511674,0.14418579969329387,5.160549830528524,292.927214384079
awb/arctic_a0094,0,False,9,1,500,3047,119.5426679840443,114.30774754186403,0.1274215272590052,4.378785706639846,250.95364379882812
awb/arctic_a0094,0,False,10,1,500,3252,133.0307434980892,127.34406185563302,0.1381671892949207,4.54503828017576,318.75351190567017
awb/arctic_a0094,0,False,0,2,500,5973,-49.147093857015165,-60.36804812101434,0.21046886684883598,9.20781099769021,116.60532331466675
awb/arctic_a0094,0,False,1,2,500,6132,-59.6184076189846,-71.1555488653853,0.212978191797,9.542747553269486,166.53348350524902
awb/arctic_a0094,0,False,2,2,500,6598,17.78535799939791,5.326714360499523,0.22338527433957547,10.426883782014116,229.29434871673584
awb/arctic_a0094,0,False,3,2,500,7752,172.7644006710949,157.980995633508,0.24196888864427996,12.756940751648415,344.1299731731415
awb/arctic_a0094,0,False,4,2,500,8320,250.74545398758744,234.83194544624234,0.2524145250856481,13.848856298844396,463.0299072265625
awb/arctic_a0094,0,False,5,2,500,8290,256.4408740093776,240.5896153350943,0.2505592479999218,13.81665422077009,548.1343259811401
awb/arctic_a0094,0,False,6,2,500,8962,326.2694814247797,309.0739899594798,0.2607820207124878,15.214323362552875,732.6256766319275
awb/arctic_a0094,0,False,7,2,500,9106,374.6212591344347,357.15373451975086,0.26319330376152605,15.530975184850831,883.3191239833832
awb/arctic_a0094,0,False,8,2,500,9875,530.0657018806558,511.04557133710165,0.27532631489807824,16.990142683743272,1156.599212884903
awb/arctic_a0094,0,False,9,2,500,9561,548.2010260529461,529.8157699484657,0.2703582908337337,16.441564005028226,1251.7277836799622
awb/arctic_a0094,0,False,10,2,500,9120,572.8272102526099,555.3166397526082,0.26433981433735415,15.443002821637037,1368.2350327968597
awb/arctic_a0094,0,False,0,3,500,6887,-60.064480797343236,-73.15579334114204,0.23408052130826362,10.398174575403921,170.68559956550598
awb/arctic_a0094,0,False,1,3,500,9450,-64.88315605188014,-83.26713155691017,0.2887258081858272,10.961468775933838,305.7234570980072
awb/arctic_a0094,0,False,2,3,500,7754,6.854152739824517,-8.055612213008015,0.24643533930329373,11.454595552606683,295.4454379081726
awb/arctic_a0094,0,False,3,3,500,9419,159.71069788621594,141.45123299566447,0.27477768071094516,14.340289757996686,449.75057458877563
awb/arctic_a0094,0,False,4,3,500,10163,235.62515913332408,215.86467341125802,0.28498966028128125,15.581079329795585,580.9209456443787
awb/arctic_a0094,0,False,5,3,500,10389,242.56762102274433,222.38060605992152,0.2873879094260172,16.21819892075456,694.758980512619
awb/arctic_a0094,0,False,6,3,500,13357,343.9202085740457,317.8123999579416,0.32565140480706617,22.29592552196624,1094.567542552948
awb/arctic_a0094,0,False,7,3,500,12608,371.6833521752923,347.0988604664727,0.3200729006885473,20.976192746315974,1177.735996246338
awb/arctic_a0094,0,False,8,3,500,13067,517.74760959797,492.2345823381993,0.3246617430888581,21.716996996363946,1419.0327117443085
awb/arctic_a0094,0,False,9,3,500,13101,540.3928766084691,514.8187065198201,0.325313990278596,22.010546185064754,1593.2374489307404
awb/arctic_a0094,0,False,10,3,500,12899,567.3163682528507,542.1235078979388,0.3194498420813674,21.46592849159606,1829.1253499984741
awb/arctic_a0094,0,True,0,1,500,3945,-56.32688432704087,-63.37214008281622,0.15619360122502332,5.993624717758976,67.436270236969
awb/arctic_a0094,0,True,1,1,500,3838,-66.70731932771265,-73.5390451720907,0.1537061107814066,5.767673768170184,82.02307271957397
awb/arctic_a0094,0,True,2,1,500,4007,-12.074297138657197,-19.24274131004423,0.15734160753794446,6.144931841381469,113.45670104026794
awb/arctic_a0094,0,True,3,1,500,4487,108.8053318516285,100.6806014128003,0.16856072243273018,7.132857188939653,167.33712553977966
awb/arctic_a0094,0,True,4,1,500,4434,121.63185648481642,113.61040621002186,0.16830446755348416,6.968310579844115,205.60110473632812
awb/arctic_a0094,0,True,5,1,500,4347,113.17017604857722,105.32383448122431,0.16544520300170235,6.842017933456361,248.31784749031067
awb/arctic_a0094,0,True,6,1,500,4354,105.45828209680032,97.59640617009104,0.1659355029170171,6.83800815234801,294.4571466445923
awb/arctic_a0094,0,True,7,1,500,4029,126.17328019323328,118.96206665218494,0.15796776057724224,6.186130408241041,316.4010696411133
awb/arctic_a0094,0,True,8,1,500,3587,125.31997799397654,118.99563822958442,0.14650353603262184,5.294001411666827,312.7722065448761
awb/arctic_a0094,0,True,9,1,500,3103,119.5428853337576,114.20298689846975,0.12911509802077492,4.487496941275083,266.1037690639496
awb/arctic_a0094,0,True,10,1,500,3036,133.02944297592143,127.77721403294309,0.13160162179169793,4.125609682882654,300.49874663352966
awb/arctic_a0094,0,True,0,2,500,5873,-49.200475486219815,-60.21935693311572,0.12796197882588956,8.934907163835618,144.65328788757324
awb/arctic_a0094,0,True,1,2,500,5868,-59.61946264458579,-70.62855995404676,0.12812610054956006,8.923913972681568,182.7611527442932
awb/arctic_a0094,0,True,2,2,500,8147,22.04523884703751,6.4260538850576765,0.1974657543748591,12.248890354553605,313.31878447532654
awb/arctic_a0094,0,True,3,2,500,7721,172.7335503596917,158.02398504617477,nan,12.683981477655493,379.86489701271057
awb/arctic_a0094,0,True,4,2,500,8345,250.763242967111,234.8029611054666,0.18806831143943842,13.975827524508674,508.53321647644043
awb/arctic_a0094,0,True,5,2,500,8331,256.3983509038685,240.47612609575884,0.18952922165366837,13.933408363793518,599.7672159671783
awb/arctic_a0094,0,True,6,2,500,9007,326.2408855036877,308.9567943057842,0.20311879924031256,15.231288799392132,784.1054000854492
awb/arctic_a0094,0,True,7,2,500,9226,374.65604874195367,356.9451582522134,0.20707175937365396,15.694940975240911,968.0510938167572
awb/arctic_a0094,0,True,8,2,500,10010,530.0424487701176,510.77338503927183,0.22129077476886594,17.33685577342817,1236.5634791851044
awb/arctic_a0094,0,True,9,2,500,9745,548.1822083022846,529.4316249772788,0.21653771583595954,16.743901947143286,1343.5352339744568
awb/arctic_a0094,0,True,10,2,500,9190,572.8232643145494,555.1804755971315,0.20658730841341647,15.646733956225148,1471.8433320522308
awb/arctic_a0094,0,True,0,3,500,12908,30.277997333993866,5.054742758666786,nan,20.770894597138767,379.9645962715149
awb/arctic_a0094,0,True,1,3,500,13179,25.940780774830543,0.1935218176963273,nan,21.864229394282603,503.9529540538788
awb/arctic_a0094,0,True,2,3,500,12481,86.268952810445,61.9571394826741,0.26741109670640195,21.042468457837835,608.7067410945892
awb/arctic_a0094,0,True,3,3,500,12394,385.32349041836966,361.19091894253626,nan,21.218316461026177,745.9722452163696
awb/arctic_a0094,0,True,4,3,500,14075,540.4408518764571,512.941146358733,0.2871256626900729,24.468009687805647,1028.8863234519958
awb/arctic_a0094,0,True,5,3,500,13706,539.0595962576896,512.3385392769362,nan,24.097553985151535,1165.030086517334
awb/arctic_a0094,0,True,6,3,500,13050,557.3901214311678,531.9608114595628,nan,22.683489546235364,1224.113106250763
awb/arctic_a0094,0,True,7,3,500,12939,607.9696838259149,582.7609191737833,0.27102485929426984,22.42723087919967,1128.6585111618042
awb/arctic_a0094,0,True,8,3,500,13829,712.8645600906481,685.8857536075012,nan,24.247525255860978,1392.7475554943085
awb/arctic_a0094,0,True,9,3,500,13854,736.4790193555039,709.4496146372903,nan,24.331162707228373,1332.4491212368011
awb/arctic_a0094,0,True,10,3,500,12337,734.858484706336,710.8767868975265,nan,21.401948742988566,1313.3309903144836
bdl/arctic_a0017,0,False,0,1,500,3742,-18.49709357365295,-25.130740538295335,0.15015806568468365,5.630446363698571,46.51681423187256
bdl/arctic_a0017,0,False,1,1,500,3696,-29.229905184887016,-35.773389662362895,0.14784485622716778,5.593066158203143,70.48374629020691
bdl/arctic_a0017,0,False,2,1,500,3780,-27.10550685223678,-33.81834111890883,0.15163573087010634,5.677711760892041,96.11223816871643
bdl/arctic_a0017,0,False,3,1,500,3979,6.564893213383844,-0.5456647559676754,0.1564298439706774,6.093578687933519,132.8664891719818
bdl/arctic_a0017,0,False,4,1,500,4016,17.797129877119804,10.604570917150927,0.15798912177365323,6.140900913145508,170.6866843700409
bdl/arctic_a0017,0,False,5,1,500,3987,28.561397918989535,21.43357815125351,0.1562113573550779,6.1397862572379935,207.9751558303833
bdl/arctic_a0017,0,False,6,1,500,4021,20.51236164473628,13.31397910363921,0.15758695678566984,6.176455704913101,255.2881097793579
bdl/arctic_a0017,0,False,7,1,500,4016,12.806425071308794,5.621049426975444,0.15796794532835493,6.14000680907679,299.27730655670166
bdl/arctic_a0017,0,False,8,1,500,3764,5.574150662227879,-1.1035843072055198,0.15051769875398802,5.681671114239016,331.2040946483612
bdl/arctic_a0017,0,False,9,1,500,3745,-1.506211753477558,-8.144557848856623,0.1497467637436269,5.658064842243741,376.1407310962677
bdl/arctic_a0017,0,False,10,1,500,3830,-5.9871176152429015,-12.799280645240229,0.15253494573616813,5.797359997351848,455.13030314445496
bdl/arctic_a0017,0,False,0,2,500,6327,-0.8629427512004462,-12.800909771022077,0.21844281454772388,9.815575001584424,123.32196354866028
bdl/arctic_a0017,0,False,1,2,500,6329,-11.91100222732264,-23.845108735827054,0.2185417709835014,9.885734311327736,176.27758264541626
bdl/arctic_a0017,0,False,2,2,500,6686,-2.501102131184954,-15.160749097394179,0.22534808976133647,10.513102016730414,243.898108959198
bdl/arctic_a0017,0,False,3,2,500,6990,35.29819610928236,22.04373314322199,0.22970666679491575,11.203244780470872,307.4200050830841
bdl/arctic_a0017,0,False,4,2,500,7385,69.6836584077669,55.64671256177958,0.23694028103097894,11.992187122100333,393.8887276649475
bdl/arctic_a0017,0,False,5,2,500,7543,78.71275918694526,64.35823434346898,0.23948643828472813,12.27943785681967,523.1912138462067
bdl/arctic_a0017,0,False,6,2,500,7432,72.87449544930273,58.74054107351394,0.23667959817510875,12.14285051918462,606.0073552131653
bdl/arctic_a0017,0,False,7,2,500,7672,69.95607512909913,55.33852182784752,0.24148627210255322,12.554888837601517,744.7406022548676
bdl/arctic_a0017,0,False,8,2,500,7372,61.34888035392617,47.35243495532845,0.23570491121583093,12.033098627070423,835.5088632106781
bdl/arctic_a0017,0,False,9,2,500,7262,56.31786536929559,42.519789475448604,0.2333221547919902,11.804370100849894,936.3403804302216
bdl/arctic_a0017,0,False,10,2,500,7351,48.882357211770135,34.9042809526835,0.2349488790487193,11.895369907197576,1096.432529449463
bdl/arctic_a0017,0,False,0,3,500,8290,8.067180679751928,-7.878514870330167,0.25799738837760766,12.89587167681862,224.91229796409607
bdl/arctic_a0017,0,False,1,3,500,8255,-2.901764898726057,-18.78488885993038,0.2542032637581748,12.686393003089067,280.7171015739441
bdl/arctic_a0017,0,False,2,3,500,9740,7.6222692413797475,-11.257766972812881,0.2844207283138366,14.500117928173474,420.6032466888428
bdl/arctic_a0017,0,False,3,3,500,9756,64.76992906523645,45.87326715734511,0.2781803294495218,15.515210216275946,490.07792806625366
bdl/arctic_a0017,0,False,4,3,500,10396,99.34683673314012,79.2104933883309,0.28665283590010965,17.268833895008413,653.4451913833618
bdl/arctic_a0017,0,False,5,3,500,10577,131.0854327211901,110.59287947987187,0.2887102028057174,17.59483091004708,771.1908099651337
bdl/arctic_a0017,0,False,6,3,500,10799,123.81885048597384,102.88925753219654,0.29328160843651957,18.111652457003245,958.5898387432098
bdl/arctic_a0017,0,False,7,3,500,10645,119.29204364952705,98.66373138885287,0.2916153645577289,17.7163225979548,1106.1675384044647
bdl/arctic_a0017,0,False,8,3,500,10677,109.92055073143187,89.22976506259505,0.28980319401114324,17.86735836024701,1285.9933137893677
bdl/arctic_a0017,0,False,9,3,500,10596,103.11275422912047,82.58053501758302,0.2887538035775673,17.64212896763327,1455.4722113609314
bdl/arctic_a0017,0,False,10,3,500,10595,99.6963391197302,79.18150548941334,0.2889524593866272,17.766507226660636,1628.4818608760834
bdl/arctic_a0017,0,True,0,1,500,3572,-18.49826159680804,-24.795808783200194,0.14604137519398291,5.272170432713477,50.62250733375549
bdl/arctic_a0017,0,True,1,1,500,3554,-29.23058842359886,-35.488742155461715,0.14471538336931142,5.26252899639395,74.33340454101562
bdl/arctic_a0017,0,True,2,1,500,3693,-27.10544512454845,-33.65319769907559,0.15019357466753205,5.457099044514752,104.07114887237549
bdl/arctic_a0017,0,True,3,1,500,3692,6.565248758418726,0.029782787313381593,0.14835484538672317,5.553023881144474,127.28623628616333
bdl/arctic_a0017,0,True,4,1,500,3852,17.7967515524222,10.935500713947032,0.15302449825511377,5.847111575688068,170.01228427886963
bdl/arctic_a0017,0,True,5,1,500,3895,28.561312386302028,21.615607521952594,0.15441891747103428,5.920868648911881,219.60874557495117
bdl/arctic_a0017,0,True,6,1,500,3647,20.512167376437894,14.066977636636155,0.14729004249285851,5.451527256141832,233.93183302879333
bdl/arctic_a0017,0,True,7,1,500,3773,12.806724431668385,6.104175790931008,0.15133596700150426,5.669690666848308,283.66691994667053
bdl/arctic_a0017,0,True,8,1,500,3650,5.573890244321326,-0.8725118527306311,0.1476769068267584,5.44269473269993,316.2202789783478
bdl/arctic_a0017,0,True,9,1,500,3600,-1.5041453836841185,-7.8618963331574925,0.14680571678960308,5.323499960427912,361.2563750743866
bdl/arctic_a0017,0,True,10,1,500,3525,-5.9869689839189135,-12.187097049495861,0.14482878683304967,5.166565682461103,402.9311258792877
bdl/arctic_a0017,0,True,0,2,500,6110,-0.8946039979888347,-12.38800952664658,nan,9.426456446155859,137.08497738838196
bdl/arctic_a0017,0,True,1,2,500,6243,-11.861152151635793,-23.63204946806269,nan,9.597190733088812,198.80485558509827
bdl/arctic_a0017,0,True,2,2,500,6294,-2.495532171312586,-14.357380640765617,0.14057741790006284,9.793538091915776,235.8241789340973
bdl/arctic_a0017,0,True,3,2,500,6567,35.2386941279465,22.839017053699767,0.148688577106944,10.348623842764102,309.758505821228
bdl/arctic_a0017,0,True,4,2,500,7314,69.70686576601393,55.80190623639498,0.16649678620389446,11.769644822625033,425.51404094696045
bdl/arctic_a0017,0,True,5,2,500,6963,78.75123472871445,65.54660714474096,nan,11.168872180285334,480.5038642883301
bdl/arctic_a0017,0,True,6,2,500,7078,72.87670864505174,59.44141925801241,0.16067356263812302,11.363343608866906,576.6157658100128
bdl/arctic_a0017,0,True,7,2,500,7100,69.92379499354671,56.449940367559954,0.1607196279407466,11.458135420013342,691.0986196994781
bdl/arctic_a0017,0,True,8,2,500,7027,61.37355566272274,48.050820213623304,nan,11.261424302447566,811.1554627418518
bdl/arctic_a0017,0,True,9,2,500,7104,56.3295116370377,42.85176502369616,0.1640584587724426,11.429296356397053,942.5865981578827
bdl/arctic_a0017,0,True,10,2,500,6830,48.833393836521445,35.90502666788345,0.15921714826974226,10.932190219161647,1035.6648497581482
bdl/arctic_a0017,0,True,0,3,500,9078,8.008944174926167,-9.490225718606961,nan,14.508558699697437,285.5930256843567
bdl/arctic_a0017,0,True,1,3,500,9209,-2.74358394481375,-20.527844219926994,nan,14.735655704072729,378.0585050582886
bdl/arctic_a0017,0,True,2,3,500,11382,15.741536246668076,-6.44471056613973,nan,17.73440740811791,584.1050546169281
bdl/arctic_a0017,0,True,3,3,500,11601,64.68794581991864,42.11017749976762,nan,19.095963414767695,727.8511185646057
bdl/arctic_a0017,0,True,4,3,500,10523,99.27771173794699,78.90247769732181,nan,17.47526350688807,743.4856057167053
bdl/arctic_a0017,0,True,5,3,500,11131,131.02324205905538,109.42001710669109,0.24613095211802308,18.683530192643957,851.1588478088379
bdl/arctic_a0017,0,True,6,3,500,11130,124.03643958153552,102.41079832400769,nan,18.544871133897672,987.8937065601349
bdl/arctic_a0017,0,True,7,3,500,11138,119.24079204823214,97.64264710193349,nan,18.785084708347625,929.0279114246368
bdl/arctic_a0017,0,True,8,3,500,11124,109.83654097182303,88.24941524079823,0.24487351767972243,18.69691640710336,985.4880735874176
bdl/arctic_a0017,0,True,9,3,500,11130,103.1354878581095,81.52815295488688,0.1290560280344096,18.613599933980765,1044.8108127117157
bdl/arctic_a0017,0,True,10,3,500,10876,99.87699836050082,78.77050751852087,nan,18.115680584089702,1037.2499563694
jmk/arctic_a0067,0,False,0,1,500,2967,-161.88359834036464,-166.9730316971352,0.12853191937627773,4.052002689174714,33.28378438949585
jmk/arctic_a0067,0,False,1,1,500,2938,-170.4156903466757,-175.44838785757003,0.12793985557174625,3.9809896937593408,50.366342067718506
jmk/arctic_a0067,0,False,2,1,500,3512,73.78916363546355,67.61227299300427,0.14434471760846856,5.149598349257261,82.37705159187317
jmk/arctic_a0067,0,False,3,1,500,4614,341.6511027834192,333.268927824984,0.1719953344452895,7.35646132958874,162.16922521591187
jmk/arctic_a0067,0,False,4,1,500,4567,360.8406106768666,352.55432273529533,0.17088497778996656,7.269116553113008,201.3730912208557
jmk/arctic_a0067,0,False,5,1,500,4437,365.5129217491417,357.4886259574723,0.1672586201274641,7.035949956966874,243.4847903251648
jmk/arctic_a0067,0,False,6,1,500,5009,561.3492564648536,552.1825512920877,0.1808309664788665,8.155150595236705,343.08577704429626
jmk/arctic_a0067,0,False,7,1,500,4899,571.3158749727017,562.3657862537467,0.17805732252177325,7.952541321694412,399.7938814163208
jmk/arctic_a0067,0,False,8,1,500,4385,567.7776240998978,559.8631065272252,0.16566247439410875,6.955742480864615,411.707261800766
jmk/arctic_a0067,0,False,9,1,500,4022,567.5820127625117,560.3880188860285,0.15800136564805148,6.160152310266426,419.2696228027344
jmk/arctic_a0067,0,False,10,1,500,3418,558.5069493293595,552.5185589354924,0.1414746716099401,4.971807599212411,372.4052712917328
jmk/arctic_a0067,0,False,0,2,500,5682,-165.14391889818813,-175.88612019741845,0.21493105888201267,7.298619907265447,112.78238248825073
jmk/arctic_a0067,0,False,1,2,500,5490,-174.2665708176748,-184.61466258986587,0.21396203067979835,6.738646247989465,144.80538773536682
jmk/arctic_a0067,0,False,2,2,500,7959,107.31431480230017,92.05640883591371,0.2502850197506838,12.45434787603206,256.800888299942
jmk/arctic_a0067,0,False,3,2,500,9878,430.01963823396693,410.9223220684143,0.2796581807192356,16.262902764109867,400.8320770263672
jmk/arctic_a0067,0,False,4,2,500,9778,433.7704107132763,414.8669816414227,0.2779724516953156,16.05057745889303,498.90092968940735
jmk/arctic_a0067,0,False,5,2,500,10024,439.90607490006,420.5329281764972,0.2814463581371918,16.688543410500188,617.6646962165833
jmk/arctic_a0067,0,False,6,2,500,8501,596.0608422655023,579.7817178296586,0.25486773762484194,14.164063691795832,689.4028179645538
jmk/arctic_a0067,0,False,7,2,500,8069,618.1227911070006,602.7207851130562,0.2469528795917248,13.421890469735786,775.708526134491
jmk/arctic_a0067,0,False,8,2,500,7879,616.2140477954447,601.1867488647308,0.24446895682415293,12.998966486812037,886.2517619132996
jmk/arctic_a0067,0,False,9,2,500,7431,618.229065342077,604.1022204033334,0.2366496366097006,12.160469313862677,966.7103943824768
jmk/arctic_a0067,0,False,10,2,500,6716,609.7305983854313,597.0257397321014,0.2255018796310512,10.63738542852866,993.3771393299103
jmk/arctic_a0067,0,False,0,3,500,10479,-159.69974499768745,-180.12371120454048,0.30021502648049503,14.214096835772295,283.8978099822998
jmk/arctic_a0067,0,False,1,3,500,12502,-163.41074444405052,-187.96280106688783,0.3004984060311259,13.936786848522019,471.18084239959717
jmk/arctic_a0067,0,False,2,3,500,10096,101.75773046358378,82.1598313799016,0.28739133684845963,15.454378664915353,375.1664056777954
jmk/arctic_a0067,0,False,3,3,500,12577,428.12352920764494,403.5226176224254,0.3180642849413863,20.005704377891902,607.4844195842743
jmk/arctic_a0067,0,False,4,3,500,12075,431.9868631286976,408.424171662324,0.3118003986187358,19.43194741209504,706.5286831855774
jmk/arctic_a0067,0,False,5,3,500,12264,445.31583294720497,421.37672002106825,0.3129266767127914,19.78202989963677,840.4738082885742
jmk/arctic_a0067,0,False,6,3,500,11148,624.1079603289492,602.4750419149605,0.2972387859510584,18.740792061357865,1021.7856767177582
jmk/arctic_a0067,0,False,7,3,500,11609,667.5663956306482,645.0335382315923,0.3029802951087361,19.811751480144494,1247.9686205387115
jmk/arctic_a0067,0,False,8,3,500,11117,670.6462818423115,649.0551280155937,0.29534676940349014,18.58218082555095,1389.6922466754913
jmk/arctic_a0067,0,False,9,3,500,10879,674.3745494778417,653.2786316225375,0.29299501922299215,18.265204388198526,1591.4170534610748
jmk/arctic_a0067,0,False,10,3,500,10238,668.5575847792818,648.7385332189327,0.28458380934284316,16.86363496329227,1700.275895357132
jmk/arctic_a0067,0,True,0,1,500,3568,-161.88392385297516,-168.17812095122702,0.1468893931315988,5.211328279162984,49.83567237854004
jmk/arctic_a0067,0,True,1,1,500,3508,-170.4149964392572,-176.58826419513346,0.1448740414687912,5.104968450394068,73.00433707237244
jmk/arctic_a0067,0,True,2,1,500,3922,73.78633293123487,66.79206951574164,0.1541816432650798,6.0327773837618395,105.95149898529053
jmk/arctic_a0067,0,True,3,1,500,4839,341.65009689114413,332.82072194892055,0.17691273737936913,7.827051524294177,188.670823097229
jmk/arctic_a0067,0,True,4,1,500,4736,360.8406003719165,352.2198989531515,0.17461946702544473,7.616298094853107,227.47470092773438
jmk/arctic_a0067,0,True,5,1,500,4786,365.5141219856559,356.787824362186,0.1767498265191516,7.654425509811233,285.68070912361145
jmk/arctic_a0067,0,True,6,1,500,5210,561.3522523820563,551.7846182790083,0.18534990930837492,8.545338731955212,381.51677560806274
jmk/arctic_a0067,0,True,7,1,500,5018,571.3141172295979,562.1289270576979,0.1803766982801218,8.21647435163527,420.934517621994
jmk/arctic_a0067,0,True,8,1,500,4700,567.7774553036841,559.2186635312333,0.17470041839814707,7.492241582694874,459.14064049720764
jmk/arctic_a0067,0,True,9,1,500,4194,567.5810614499493,560.0458046825523,0.16165198155312652,6.535549375684013,450.1787211894989
jmk/arctic_a0067,0,True,10,1,500,3453,558.5066322525907,552.449078497733,0.14202994647496764,5.066583804567358,400.8012263774872
jmk/arctic_a0067,0,True,0,2,500,6798,-138.6346485563888,-151.54090393787368,0.15304927546708377,10.701508745210418,164.11711192131042
jmk/arctic_a0067,0,True,1,2,500,7441,-142.35105567763605,-156.5989156780301,nan,11.31715078286328,234.8917784690857
jmk/arctic_a0067,0,True,2,2,500,10308,171.72579402873816,151.76750577860543,0.2328232473657733,16.998787014147723,385.8494939804077
jmk/arctic_a0067,0,True,3,2,500,7831,518.0835953428555,503.1472526890793,nan,12.899179101250411,381.3329701423645
jmk/arctic_a0067,0,True,4,2,500,8394,599.6647937221676,583.6283142874898,0.18965520512123818,14.147760854600278,509.9277925491333
jmk/arctic_a0067,0,True,5,2,500,7135,592.6837266387216,579.1712569265,nan,11.752271711509593,495.12963461875916
jmk/arctic_a0067,0,True,6,2,500,9333,596.0723073090785,578.132427353085,nan,15.172687303402427,886.9713945388794
jmk/arctic_a0067,0,True,7,2,500,9281,618.0856310725475,600.2561817217835,0.20732396397756786,15.811738227349792,963.700546503067
jmk/arctic_a0067,0,True,8,2,500,8600,616.2020440358845,599.7349833481825,0.19440129447393828,14.463942869967127,1023.0865280628204
jmk/arctic_a0067,0,True,9,2,500,8113,618.2446272591071,602.7500799503098,0.18496136493386084,13.440528904108191,1104.3191001415253
jmk/arctic_a0067,0,True,10,2,500,7547,609.6749203401188,595.3183508361998,0.17047991022304,12.39826133263523,1170.9931852817535
jmk/arctic_a0067,0,True,0,3,500,9174,-136.32490808501512,-154.0860484634575,nan,13.629113458410103,247.62336993217468
jmk/arctic_a0067,0,True,1,3,500,12853,-110.57519724072472,-135.69875274386376,nan,20.81322524147788,432.9129900932312
jmk/arctic_a0067,0,True,2,3,500,19738,354.0037164072698,315.1695700786799,nan,35.37004423046665,857.9849765300751
jmk/arctic_a0067,0,True,3,3,500,13911,588.5616745609839,561.3254897303325,nan,23.239185026827386,809.974057674408
jmk/arctic_a0067,0,True,4,3,500,9355,598.0497102458163,579.9340874378331,nan,14.509836857652658,596.1729919910431
jmk/arctic_a0067,0,True,5,3,500,12391,644.1290898972039,620.0286072581557,nan,21.486074386382143,896.5776073932648
jmk/arctic_a0067,0,True,6,3,500,12257,639.0664663443857,615.2060167686038,0.26585454564062666,20.729947441830745,1003.0077347755432
jmk/arctic_a0067,0,True,7,3,500,12053,667.8084139976605,644.3475263339255,nan,20.430447603302923,908.2310540676117
jmk/arctic_a0067,0,True,8,3,500,12693,670.6594502772075,645.9165262512543,nan,21.713074484438607,1138.5284163951874
jmk/arctic_a0067,0,True,9,3,500,11420,674.4078264867728,652.2313876163952,nan,19.315244496743162,1134.2361090183258
jmk/arctic_a0067,0,True,10,3,500,10769,668.5194163546025,647.6370601275667,nan,17.963223895252554,1056.3914926052094
rms/arctic_a0382,0,False,0,1,500,3845,-6.713346571457043,-13.554844981265624,0.15315227361138023,5.8167316127357855,57.78142786026001
rms/arctic_a0382,0,False,1,1,500,3823,-17.97986261829036,-24.78540154207373,0.15338870698935358,5.7437696174102015,83.62436962127686
rms/arctic_a0382,0,False,2,1,500,4223,99.9464737672163,92.34796996430853,0.16332136970747574,6.540283427912442,122.97589373588562
rms/arctic_a0382,0,False,3,1,500,4249,123.2371392413467,115.59008942734792,0.16362583434947145,6.610668056907656,150.25215029716492
rms/arctic_a0382,0,False,4,1,500,4454,175.20775476209872,167.15304937403087,0.1675665023009941,7.078831896143242,202.9073851108551
rms/arctic_a0382,0,False,5,1,500,4527,181.01392637496346,172.81082881786335,0.16991971630875033,7.195594584486884,258.37042474746704
rms/arctic_a0382,0,False,6,1,500,4553,250.53038694050738,242.26981993938088,0.17061690322546497,7.235285622823284,307.7864818572998
rms/arctic_a0382,0,False,7,1,500,4543,246.99811780565585,238.76173011554485,0.17004610894588407,7.234048724736965,359.80018424987793
rms/arctic_a0382,0,False,8,1,500,4445,242.00110340340362,233.95993640022164,0.16740651830842654,7.065498358879239,406.0569579601288
rms/arctic_a0382,0,False,9,1,500,4325,271.90171371590804,264.107453276179,0.1644473841707853,6.819693676466102,453.9483003616333
rms/arctic_a0382,0,False,10,1,500,4093,267.8481308943669,260.51471302927007,0.15862692963724456,6.3557241482244535,481.9929699897766
rms/arctic_a0382,0,False,0,2,500,7300,-0.54110083146991,-14.489154871105617,0.2388937265711961,11.095318260262879,150.68187427520752
rms/arctic_a0382,0,False,1,2,500,7338,-11.074900337263376,-25.11218950863366,0.2393378370985211,11.102986562442894,198.15599155426025
rms/arctic_a0382,0,False,2,2,500,5962,100.29167804640394,89.11925126838962,0.208323141369882,9.452431893731728,198.8609528541565
rms/arctic_a0382,0,False,3,2,500,8228,143.18316586145622,127.38961247541702,0.25297992772876043,13.107442341910556,331.69547176361084
rms/arctic_a0382,0,False,4,2,500,6673,191.88833465060992,179.2680943420508,0.22270526545087901,10.678935333927797,352.88397908210754
rms/arctic_a0382,0,False,5,2,500,7276,217.69387772872219,203.87892596851825,0.23356513064931267,11.87750445533095,459.8355486392975
rms/arctic_a0382,0,False,6,2,500,6893,283.16303319339164,270.08671093883305,0.22795447638082528,11.061518834820276,553.3068521022797
rms/arctic_a0382,0,False,7,2,500,7397,290.76527112591134,276.70237181714566,0.23514564052402515,12.094969555202056,702.9599997997284
rms/arctic_a0382,0,False,8,2,500,7587,308.0891178490423,293.6549365464691,0.2382794765690835,12.505444138136397,821.0459585189819
rms/arctic_a0382,0,False,9,2,500,7742,332.8112378744153,318.06828645349,0.24194381365059356,12.799988069226515,1004.0512788295746
rms/arctic_a0382,0,False,10,2,500,7531,328.75829954596594,314.4152606574555,0.23939793856883917,12.265226922646718,1127.5259642601013
rms/arctic_a0382,0,False,0,3,500,8146,-10.614236500046898,-26.295565053301743,0.25282726889959967,12.157030234704097,194.4394416809082
rms/arctic_a0382,0,False,1,3,500,8189,-21.08225884359821,-36.8529995926287,0.25708974016267094,12.205736294643962,252.29870510101318
rms/arctic_a0382,0,False,2,3,500,8782,99.12236517582892,82.19547663254716,0.2608217326028056,13.84991277869932,352.9861891269684
rms/arctic_a0382,0,False,3,3,500,10293,140.6118824263895,120.65621515862414,0.2871629871333126,16.52092385299825,472.70172095298767
rms/arctic_a0382,0,False,4,3,500,8985,194.17426614884943,176.83367064943226,0.26904498613974304,14.043643773020904,525.083434343338
rms/arctic_a0382,0,False,5,3,500,9901,222.85116445941122,203.6589631597182,0.27755335341379583,15.698797007339692,695.6843702793121
rms/arctic_a0382,0,False,6,3,500,10122,306.31669360588626,286.7276220621209,0.2830316764669735,16.64121020362984,921.7325758934021
rms/arctic_a0382,0,False,7,3,500,10143,316.1702194427984,296.5371748377707,0.28436510599320125,16.638599872746624,1010.891859292984
rms/arctic_a0382,0,False,8,3,500,10690,339.13690829469084,318.427337392715,0.29097071009528264,17.910948975516646,1206.8080372810364
rms/arctic_a0382,0,False,9,3,500,11017,380.9876117704202,359.6350541194135,0.29681413455028866,18.55105373440142,1474.7101166248322
rms/arctic_a0382,0,False,10,3,500,10678,372.7187058574949,352.0291608779124,0.29129166023053066,17.86619590880099,1674.4615621566772
rms/arctic_a0382,0,True,0,1,500,3755,-6.713445769044414,-13.375514211456684,0.15078433982669456,5.637958721216567,57.77061152458191
rms/arctic_a0382,0,True,1,1,500,3674,-17.980276229032334,-24.48322966875902,0.14840568496857,5.4914745699520005,78.90076279640198
rms/arctic_a0382,0,True,2,1,500,4156,99.94630868987312,92.48427358433437,0.1609238750540518,6.446295078814572,125.42966532707214
rms/arctic_a0382,0,True,3,1,500,4105,123.23773782888766,115.872057814252,0.1601331741566067,6.313871935178327,148.6036298274994
rms/arctic_a0382,0,True,4,1,500,4307,175.2077678028674,167.44016891490799,0.16485307697244958,6.737418418767504,197.1918466091156
rms/arctic_a0382,0,True,5,1,500,4381,181.01172014152013,173.10121151161218,0.16591734678852102,6.920915415564622,245.14687824249268
rms/arctic_a0382,0,True,6,1,500,4441,250.5304204981158,242.49574757093913,0.16809012049363403,7.008070481116249,306.142769575119
rms/arctic_a0382,0,True,7,1,500,4457,246.99899402344968,238.92965888691595,0.16924274452989177,6.9914617518964235,354.7150650024414
rms/arctic_a0382,0,True,8,1,500,4495,242.00010710158418,233.85905164558514,0.1692293444803664,7.120080878603858,426.99921917915344
rms/arctic_a0382,0,True,9,1,500,4144,271.9010555368722,264.4661675461381,0.16075116785596524,6.4226734117691535,448.32870388031006
rms/arctic_a0382,0,True,10,1,500,4064,267.8479999408272,260.57166279129245,0.1586918465701517,6.265099299424946,491.24922466278076
rms/arctic_a0382,0,True,0,2,500,8520,78.84117648582279,62.500311642026126,nan,14.007926160959009,197.7688627243042
rms/arctic_a0382,0,True,1,2,500,8864,66.69044847456831,49.6538989470159,0.2027151488283222,14.585123848382189,276.0068516731262
rms/arctic_a0382,0,True,2,2,500,9965,170.28009785450638,151.02048241535067,0.22725034698845176,16.432851066966066,379.3249788284302
rms/arctic_a0382,0,True,3,2,500,9761,240.7300556463511,221.8942794242344,nan,16.319359801803756,448.217013835907
rms/arctic_a0382,0,True,4,2,500,9749,233.0416382455847,214.2271799193945,0.22211790031920997,16.241842720471908,583.2865149974823
rms/arctic_a0382,0,True,5,2,500,7942,251.50644551196035,236.32430494863928,nan,12.769643684801196,576.3009676933289
rms/arctic_a0382,0,True,6,2,500,6568,283.26665147265965,270.8457454056947,0.14661863113751974,10.368649701097581,536.95743227005
rms/arctic_a0382,0,True,7,2,500,7311,290.79578979044203,276.89976702836776,nan,11.915476873805176,734.5806906223297
rms/arctic_a0382,0,True,8,2,500,7588,308.0728021542999,293.6428444545883,0.1702397715459833,12.574239731797377,863.3690013885498
rms/arctic_a0382,0,True,9,2,500,7673,332.81743553462957,318.21189057940154,nan,12.615488166007822,1042.0090103149414
rms/arctic_a0382,0,True,10,2,500,7416,328.72225354982226,314.63357018184644,nan,12.122962363809222,1118.2592782974243
rms/arctic_a0382,0,True,0,3,500,13074,126.20440967012257,100.62645348493,nan,20.930817539582492,438.293803691864
rms/arctic_a0382,0,True,1,3,500,12692,113.11324899534621,88.33653712730275,nan,20.6452175677029,511.7309911251068
rms/arctic_a0382,0,True,2,3,500,15526,269.31070366910643,238.8764147731227,0.3113479432247704,26.552910543277847,767.8826751708984
rms/arctic_a0382,0,True,3,3,500,8882,303.4129368777196,286.2994071145616,0.2030351607771863,14.237773921213261,515.2640752792358
rms/arctic_a0382,0,True,4,3,500,8490,293.9619576032144,277.6282448934054,nan,13.356047175972435,593.7499978542328
rms/arctic_a0382,0,True,5,3,500,8141,286.79064404705844,271.11224415107847,nan,12.235763980683089,631.6162240505219
rms/arctic_a0382,0,True,6,3,500,10319,340.40865980754467,320.42988150110614,nan,17.126276997060984,757.3330130577087
rms/arctic_a0382,0,True,7,3,500,10002,341.1942049543087,321.83464632478695,nan,16.44717120005464,885.1663365364075
rms/arctic_a0382,0,True,8,3,500,11217,340.9699529592382,319.04881744147366,nan,16.53020673967518,1078.9031739234924
rms/arctic_a0382,0,True,9,3,500,11370,381.1179112613595,359.0327604851695,nan,19.163250575868574,961.2003815174103
rms/arctic_a0382,0,True,10,3,500,10679,372.769327397989,352.07062535249173,nan,17.83002197127479,1021.2933332920074
slt/arctic_b0041,0,False,0,1,500,3509,-87.45538756924364,-93.62516709718771,0.1442714119347005,5.132830297070285,43.370558977127075
slt/arctic_b0041,0,False,1,1,500,3493,-97.37754732606817,-103.50999871551058,0.1431407937194623,5.143029247423414,64.83161640167236
slt/arctic_b0041,0,False,2,1,500,3670,-37.79097980039193,-44.275974957337404,0.14863889056199742,5.459121191419214,90.00826787948608
slt/arctic_b0041,0,False,3,1,500,3717,-24.792293455400724,-31.37508544630654,0.14901954994400204,5.605152167130658,118.5548963546753
slt/arctic_b0041,0,False,4,1,500,3697,-33.04345875680745,-39.59372158319473,0.14929204879106353,5.524552232729363,151.1958212852478
slt/arctic_b0041,0,False,5,1,500,3742,-37.44654095145496,-44.0817655938618,0.15029260595329938,5.6227718953999855,190.6322250366211
slt/arctic_b0041,0,False,6,1,500,3672,-43.32682263484044,-49.81890833600342,0.1480434164210133,5.500567612631457,223.46860575675964
slt/arctic_b0041,0,False,7,1,500,3636,-41.67594124417992,-48.096852496738464,0.14716589191043053,5.424482806395076,269.6569221019745
slt/arctic_b0041,0,False,8,1,500,3538,-48.61254477378692,-54.84314962383893,0.1454080954589616,5.179729322484903,304.08258414268494
slt/arctic_b0041,0,False,9,1,500,3514,-55.69771024926329,-61.88276014482934,0.14480821829542645,5.136885728110606,346.1306998729706
slt/arctic_b0041,0,False,10,1,500,3499,-61.68550773611647,-67.83676825684012,0.14449265768956532,5.097844213587173,395.25862407684326
slt/arctic_b0041,0,False,0,2,500,6999,-27.860743086472787,-41.12970184721097,0.22979652758939792,11.254198598231934,146.88919854164124
slt/arctic_b0041,0,False,1,2,500,6906,-38.63479037258702,-51.719711627685584,0.22871757899506626,11.012599859121906,195.7306489944458
slt/arctic_b0041,0,False,2,2,500,7963,114.98680700545832,99.79572544688875,0.2455219342976736,13.232316399658231,284.454106092453
slt/arctic_b0041,0,False,3,2,500,8345,157.6209925542132,141.67485875831622,0.25108734396694354,14.046368855701672,376.2907485961914
slt/arctic_b0041,0,False,4,2,500,8407,150.6390824580601,134.56344528085253,0.25228628355504185,14.126561664661551,472.24928998947144
slt/arctic_b0041,0,False,5,2,500,8371,143.81992418817896,127.8209799212887,0.2524070593209421,14.065266327810988,581.6296625137329
slt/arctic_b0041,0,False,6,2,500,8084,134.17256083418852,118.75238942878595,0.24804960468415502,13.474439177595613,654.2009837627411
slt/arctic_b0041,0,False,7,2,500,8334,135.933493440353,119.98988382264261,0.25170601436703527,13.88525552832158,813.7501301765442
slt/arctic_b0041,0,False,8,2,500,8283,133.1389438921134,117.29388131193758,0.25066804158885364,13.814225252165414,941.6310634613037
slt/arctic_b0041,0,False,9,2,500,8334,136.06316251573983,120.13057391281254,0.2514078221377461,13.941349565958774,1106.1668510437012
slt/arctic_b0041,0,False,10,2,500,8438,139.99289498264557,123.84460532796463,0.252685700910077,14.140491886682568,1262.4360530376434
slt/arctic_b0041,0,False,0,3,500,9673,-16.094577029147146,-34.81775509468887,0.28002654916774705,15.364262774912845,251.69518995285034
slt/arctic_b0041,0,False,1,3,500,10004,-18.761056473849543,-38.14684322535432,0.2828417213079349,16.05203357885626,326.22676134109497
slt/arctic_b0041,0,False,2,3,500,9702,134.125885417219,115.38374391761906,0.2773387322504735,15.91046851895399,421.99031162261963
slt/arctic_b0041,0,False,3,3,500,9852,167.23399579889517,148.0502706124051,0.2731033328868047,14.736634483072379,560.3633081912994
slt/arctic_b0041,0,False,4,3,500,10403,168.97814609556724,148.8167328522363,0.28647581945734907,17.0950701624827,707.6490552425385
slt/arctic_b0041,0,False,5,3,500,10008,161.6540261847414,142.29992152962674,0.2819995412466079,16.456887286817278,789.608389377594
slt/arctic_b0041,0,False,6,3,500,10233,164.64896150278602,144.8701101895086,0.28502177557168495,17.103487087781815,917.4699907302856
slt/arctic_b0041,0,False,7,3,500,9613,169.36842079096516,150.80133242012752,0.27434479864063893,15.746732002580302,1032.653835773468
slt/arctic_b0041,0,False,8,3,500,9857,164.15304214693793,145.10898748325192,0.27949175156713946,16.353576505732065,1215.8205769062042
slt/arctic_b0041,0,False,9,3,500,9314,155.8214687583938,137.87941471008563,0.27005353594827985,15.39222962064622,1321.0343642234802
slt/arctic_b0041,0,False,10,3,500,12091,161.80046215971734,138.25186286083363,0.3201065730491834,18.715863564828965,2019.5943775177002
slt/arctic_b0041,0,True,0,1,500,3138,-87.45693308250571,-92.88606028099557,0.1346398595409165,4.3486635791851285,42.61580443382263
slt/arctic_b0041,0,True,1,1,500,3077,-97.37969771022517,-102.69073411245776,0.1322986917547998,4.2552014296317395,59.05411171913147
slt/arctic_b0041,0,True,2,1,500,3312,-37.79138919604223,-43.5661606572966,0.13779070461935225,4.7857353290859095,86.99382066726685
slt/arctic_b0041,0,True,3,1,500,3378,-24.7921499891673,-30.70025739854872,0.13996847271554402,4.910302070351914,112.00179982185364
slt/arctic_b0041,0,True,4,1,500,3423,-33.044720838650505,-39.04782739859869,0.14195405448782633,4.960349096365114,144.9918327331543
slt/arctic_b0041,0,True,5,1,500,3351,-37.44654226821482,-43.30296815195198,0.13962880203244218,4.842006281005574,170.75762009620667
slt/arctic_b0041,0,True,6,1,500,3345,-43.326384280278425,-49.170050222397784,0.13942105711592415,4.826036772030193,207.24979662895203
slt/arctic_b0041,0,True,7,1,500,3297,-41.67809038567382,-47.43043702276251,0.13853191434335782,4.707847731451764,236.93985438346863
slt/arctic_b0041,0,True,8,1,500,3179,-48.60950822348144,-54.11424329842078,0.1335911367012853,4.543368217914001,262.5227780342102
slt/arctic_b0041,0,True,9,1,500,3130,-55.69984279106673,-61.11557965429858,0.13326525492452695,4.388931468870233,296.8955547809601
slt/arctic_b0041,0,True,10,1,500,3137,-61.685889187677105,-67.12032348730496,0.13452164292534027,4.347803097783995,347.0073616504669
slt/arctic_b0041,0,True,0,2,500,6484,-27.8558744206416,-40.09286215588228,nan,10.215823391653501,153.41982197761536
slt/arctic_b0041,0,True,1,2,500,6424,-38.664483112991775,-50.77636185670672,nan,10.140432570148931,196.9094638824463
slt/arctic_b0041,0,True,2,2,500,7417,115.04916019664161,100.95364632953067,0.1664550387067341,12.166351559161512,279.82377314567566
slt/arctic_b0041,0,True,3,2,500,7863,157.69656362952816,142.6966240065703,0.17652620339882993,12.997472517345216,376.1417169570923
slt/arctic_b0041,0,True,4,2,500,8003,150.63854403163248,135.36253799190823,0.1808008481674251,13.306429600913305,470.6384618282318
slt/arctic_b0041,0,True,5,2,500,7837,143.86793633975984,128.9242593295108,nan,12.966262935215411,551.1461129188538
slt/arctic_b0041,0,True,6,2,500,7646,134.17492850437063,119.6146568154403,0.1742857003457165,12.541520505550352,628.66428399086
slt/arctic_b0041,0,True,7,2,500,7785,135.93430359969716,121.09405711242515,nan,12.801251199040948,777.2860848903656
slt/arctic_b0041,0,True,8,2,500,7820,133.11795823476257,118.20422450310112,nan,12.941107110531092,908.0139191150665
slt/arctic_b0041,0,True,9,2,500,7870,136.09850194883356,121.0786212614554,0.1792051061090682,12.927578559701288,1042.3737981319427
slt/arctic_b0041,0,True,10,2,500,7916,139.9204718144034,124.8265454487348,0.1802564584322454,13.132295049161627,1204.659600019455
slt/arctic_b0041,0,True,0,3,500,9918,-16.85098279049229,-36.108712517666085,nan,14.957914732529467,335.1350345611572
slt/arctic_b0041,0,True,1,3,500,11209,-18.847439511150878,-40.681270008459855,nan,17.358653391442335,499.48006987571716
slt/arctic_b0041,0,True,2,3,500,9881,134.1289478172423,115.03304194988935,0.22228966065050676,16.38485401843907,576.9519395828247
slt/arctic_b0041,0,True,3,3,500,10212,167.2053880781653,147.34775730100446,0.2225887286736044,15.974558366485752,681.0275321006775
slt/arctic_b0041,0,True,4,3,500,10425,168.9872018239072,148.80040893499586,nan,17.17070829668188,833.4250094890594
slt/arctic_b0041,0,True,5,3,500,10193,161.80627987774395,142.06719023501003,1.9053641054174757e+140,16.791598138510267,943.2609779834747
slt/arctic_b0041,0,True,6,3,500,10377,164.94098692680453,144.8526063544363,nan,17.223274489288713,1012.6619501113892
slt/arctic_b0041,0,True,7,3,500,10572,169.39198439081116,148.87726848024406,nan,17.316143641890164,1126.1009154319763
slt/arctic_b0041,0,True,8,3,500,10783,164.1245765653225,143.19945564598405,nan,17.68066696365284,1180.5510613918304
slt/arctic_b0041,0,True,9,3,500,9625,155.88874118885323,137.32266812742242,nan,15.980363281853982,1080.5998184680939
slt/arctic_b0041,0,True,10,3,500,11558,161.79045521658276,139.33331015533844,nan,19.510557386857727,1216.499840259552
